;USDRUB;VIX;BRENT;CDS
03.01.2012;31.6855;22.97;112.13;180.22
05.01.2012;32.0395;21.48;112.74;190.19
06.01.2012;31.9815;20.63;113.06;272.83
10.01.2012;31.5925;20.69;113.28;151.524
11.01.2012;31.7005;21.05;112.24;156.95
13.01.2012;31.873;20.91;110.44;254.76
17.01.2012;31.5805;22.2;111.53;252.83
18.01.2012;31.4445;20.89;110.66;252.13
19.01.2012;31.3075;19.87;111.55;238.98
20.01.2012;31.3405;18.28;109.86;239.45
23.01.2012;30.905;18.67;110.58;234.02
24.01.2012;30.7615;18.91;110.03;232.04
25.01.2012;30.564;18.31;109.81;230.07
26.01.2012;30.362;18.57;110.79;215.4
27.01.2012;30.0805;18.53;111.46;217.19
30.01.2012;30.38;19.4;110.75;221.19
31.01.2012;30.292;19.44;110.98;222.41
01.02.2012;30.175;18.55;111.56;276.73
02.02.2012;30.203;17.98;112.07;218.6
03.02.2012;30.1345;17.1;114.58;177.25
07.02.2012;29.8175;17.65;116.23;218.1
08.02.2012;29.749;18.16;117.2;176.13
10.02.2012;30.029;20.79;117.31;139.911
13.02.2012;29.9215;19.04;117.93;216.48
14.02.2012;30.0545;19.54;118.16;215.74
15.02.2012;30.101;21.14;118.93;216.38
16.02.2012;30.055;19.22;120.11;220.11
17.02.2012;29.9455;17.78;119.58;212.65
21.02.2012;29.7505;18.19;121.66;203.26
22.02.2012;29.699;18.19;122.9;202.75
23.02.2012;29.551;16.8;123.62;199.04
24.02.2012;29.1215;17.31;125.47;194.34
27.02.2012;29.0195;18.19;124.17;192.6
28.02.2012;29.0125;17.96;121.55;187.39
29.02.2012;29.2065;18.43;122.66;184.92
01.03.2012;29.136;17.26;126.2;269
02.03.2012;29.366;17.29;123.65;214.4
05.03.2012;29.3525;18.05;123.8;184.75
07.03.2012;29.624;19.07;124.12;210.95
08.03.2012;29.36;17.95;125.44;164.24
09.03.2012;29.44;17.11;125.98;168.31
12.03.2012;29.621;15.64;125.34;132.319
13.03.2012;29.44;14.8;126.22;171.4
14.03.2012;29.5845;15.31;124.97;168.43
15.03.2012;29.437;15.42;123.55;168.432
16.03.2012;29.2295;14.47;125.81;165.23
19.03.2012;29.1135;15.04;125.71;161.89
20.03.2012;29.254;15.58;124.12;164.22
21.03.2012;29.279;15.13;124.2;164.95
22.03.2012;29.4515;15.57;123.14;170.68
23.03.2012;29.265;14.82;125.13;174.68
26.03.2012;28.96;14.26;125.65;176.96
27.03.2012;29.0605;15.59;125.54;177.72
28.03.2012;29.3825;15.47;124.16;177.99
29.03.2012;29.4305;15.48;122.39;185.95
30.03.2012;29.3075;15.5;122.88;183.98
04.04.2012;29.446;16.44;122.34;181.76
05.04.2012;29.398;16.7;123.43;186.73
09.04.2012;29.609;18.81;122.67;164.53
10.04.2012;29.8395;20.39;119.88;139.624
12.04.2012;29.416;17.2;121.71;132.511
13.04.2012;29.6165;19.55;121.83;200.49
16.04.2012;29.605;19.55;118.68;200.786
17.04.2012;29.4975;18.46;118.78;195.97
18.04.2012;29.5325;18.64;117.97;197.708
19.04.2012;29.504;18.36;118;197.73
20.04.2012;29.456;17.44;118.76;198.73
23.04.2012;29.5035;18.97;118.71;202.732
24.04.2012;29.3655;18.1;118.16;199.03
25.04.2012;29.358;16.82;119.12;196.07
26.04.2012;29.3315;16.24;119.92;195.59
27.04.2012;29.319;16.32;119.83;195.34
30.04.2012;29.4085;17.15;119.47;194.89
01.05.2012;29.3365;16.6;119.66;281.88
03.05.2012;29.533;17.56;116.08;180.26
04.05.2012;29.7695;19.16;113.18;185.99
07.05.2012;30;18.94;113.16;214.64
09.05.2012;30.369;20.08;113.2;162.8
10.05.2012;30.1575;18.83;112.73;136.321
11.05.2012;30.165;19.89;112.26;158.986
14.05.2012;30.391;21.87;111.57;217.16
15.05.2012;30.679;21.97;112.24;232.83
16.05.2012;31.041;22.27;111.71;234.5
17.05.2012;31.1225;24.49;107.49;241.16
18.05.2012;31.3105;25.1;107.14;237.83
21.05.2012;31.117;22.01;108.81;239.01
22.05.2012;31.3775;22.48;108.41;229.5
23.05.2012;31.7372;22.33;105.56;244.16
24.05.2012;31.7935;21.54;106.55;243.05
25.05.2012;32.0905;21.76;106.83;249.16
29.05.2012;32.3005;21.03;106.68;246.83
30.05.2012;32.8247;24.14;103.47;256.5
31.05.2012;33.3365;24.06;101.87;263.83
01.06.2012;33.674;26.66;98.43;278.7
04.06.2012;33.4545;26.12;98.85;188.25
06.06.2012;32.3442;22.16;100.64;259.38
07.06.2012;32.463;21.72;99.93;224.38
08.06.2012;32.528;21.23;99.47;160.09
11.06.2012;32.75;23.56;98;155.775
12.06.2012;33.025;22.09;97.14;133.87
13.06.2012;32.472;24.27;97.13;234.92
14.06.2012;32.5;21.68;97.03;229.24
15.06.2012;32.375;21.11;97.61;224.52
18.06.2012;32.41;18.32;96.05;224.59
19.06.2012;32.385;18.38;95.76;214.62
20.06.2012;32.575;17.24;92.69;216.26
21.06.2012;33.182;20.08;89.23;228.44
22.06.2012;33.21;18.11;90.98;232.122
25.06.2012;33.235;20.38;91.01;240.59
26.06.2012;32.913;19.72;93.02;239.61
27.06.2012;32.966;19.45;93.5;237.15
28.06.2012;33.133;19.71;91.36;243.6
29.06.2012;32.395;17.08;97.8;229.76
02.07.2012;32.576;16.74;97.34;218.39
03.07.2012;32.224;16.66;100.68;189.49
05.07.2012;32.514;17.5;100.7;186.73
06.07.2012;32.87;17.1;98.19;248.01
09.07.2012;32.985;17.98;100.32;145.9
11.07.2012;32.708;17.95;100.23;158.01
12.07.2012;32.742;18.33;101.07;133.56
13.07.2012;32.562;16.74;102.4;205.63
16.07.2012;32.532;17.11;103.55;198.47
17.07.2012;32.35;16.48;104;189.03
18.07.2012;32.229;16.16;105.16;186.54
19.07.2012;31.827;15.45;107.8;184.09
20.07.2012;32.061;16.27;106.83;187.31
23.07.2012;32.67;18.62;103.26;206.5
24.07.2012;32.943;20.47;103.42;208.99
25.07.2012;32.651;19.34;104.38;204.57
26.07.2012;32.357;17.53;105.26;191.17
27.07.2012;32.035;16.7;106.47;185.98
30.07.2012;32.177;18.03;106.2;179.07
31.07.2012;32.211;18.93;104.92;177.13
02.08.2012;32.66;17.57;105.9;215.93
03.08.2012;31.99;15.64;108.94;181.92
06.08.2012;31.578;15.95;109.55;253.24
08.08.2012;31.533;15.32;112.14;163.83
10.08.2012;31.83;14.74;112.95;137.03
13.08.2012;31.874;13.7;113.6;171.35
14.08.2012;31.844;14.85;114.03;172.36
15.08.2012;31.869;14.63;116.25;171.89
16.08.2012;31.859;14.29;116.9;170.17
17.08.2012;32.038;13.45;113.71;172.664487
20.08.2012;32.059;14.02;113.7;170.23
21.08.2012;31.765;15.02;114.64;163.05
22.08.2012;31.784;15.11;114.91;164.05
23.08.2012;31.695;15.96;115.01;165.07
24.08.2012;31.815;15.18;113.59;166.58
27.08.2012;31.9;16.35;112.26;166.62
28.08.2012;31.993;16.49;112.58;166.4
29.08.2012;32.213;17.06;112.54;166.41
30.08.2012;32.559;17.83;112.65;168.41
31.08.2012;32.25;17.47;114.57;167.19
04.09.2012;32.297;17.98;114.18;189.95
05.09.2012;32.296;17.74;113.09;204.16
07.09.2012;31.665;14.38;114.25;219.41
10.09.2012;31.677;16.28;114.81;143.344
11.09.2012;31.515;16.41;115.4;157.55
13.09.2012;31.074;14.05;116.9;137.59
14.09.2012;30.503;14.51;116.66;126.37
17.09.2012;30.634;14.59;113.79;129.4
18.09.2012;30.911;14.18;112.03;131.095
19.09.2012;31.209;13.88;108.19;130.115
20.09.2012;31.237;14.07;110.03;140.98
21.09.2012;31.041;13.98;111.42;139.64
24.09.2012;31.143;14.15;109.81;147.02
25.09.2012;31.2;15.43;110.45;154.64
26.09.2012;31.311;16.81;110.04;160.12
27.09.2012;30.988;14.84;112.01;156.66
28.09.2012;31.185;15.73;112.39;154.696
01.10.2012;31.2;16.32;112.19;262.69
02.10.2012;31.135;15.71;111.57;220.18
04.10.2012;30.985;14.55;112.58;201.73
05.10.2012;31.008;14.33;112.02;202.83
08.10.2012;31.184;15.11;111.82;170.32
09.10.2012;31.145;16.37;114.5;139.5
10.10.2012;31.117;16.29;114.33;143.344
12.10.2012;31.11;16.14;114.62;135.6
15.10.2012;31.006;15.27;115.8;139.502
16.10.2012;30.859;15.22;115.07;131.897
17.10.2012;30.753;15.07;113.22;127.628
18.10.2012;30.8;15.03;112.42;130.29
19.10.2012;30.892;17.06;110.14;133.62
22.10.2012;31.107;16.62;109.44;143.28
23.10.2012;31.382;18.83;108.25;157.19
24.10.2012;31.435;18.33;107.85;157.195
25.10.2012;31.38;18.12;108.49;157.1
26.10.2012;31.398;17.81;109.55;156.35
31.10.2012;31.343;18.6;108.7;158.166
01.11.2012;31.287;16.69;108.17;253.95
05.11.2012;31.608;18.42;107.73;206.93
06.11.2012;31.373;17.58;111.07;248.58
07.11.2012;31.58;19.08;106.82;210.51
09.11.2012;31.575;18.61;109.4;135.56
12.11.2012;31.61;16.68;109.07;134.297
13.11.2012;31.752;16.65;108.26;149.33
14.11.2012;31.706;17.92;109.61;147.69
15.11.2012;31.666;17.99;110.98;151.68
16.11.2012;31.71;16.41;108.95;155.342
19.11.2012;31.415;15.24;111.7;149.44
20.11.2012;31.306;15.08;109.83;148.795
21.11.2012;31.183;15.31;110.86;147.82
23.11.2012;31.05;15.14;111.38;145.545
26.11.2012;31.008;15.5;110.92;145.596
27.11.2012;31.045;15.92;109.87;143.29
28.11.2012;31.07;15.51;109.51;144.646
29.11.2012;30.872;15.06;110.76;137.722
30.11.2012;30.865;15.87;111.23;136.4
03.12.2012;30.882;16.64;110.92;178.48
04.12.2012;30.84;17.12;109.84;197.03
06.12.2012;30.953;16.58;107.03;247.85
07.12.2012;30.826;15.9;107.02;209.82
10.12.2012;30.791;16.05;107.33;141.095
11.12.2012;30.707;15.57;108.01;156.85
12.12.2012;30.549;15.95;109.5;133.984
13.12.2012;30.736;16.56;107.91;134.001
14.12.2012;30.707;17;109.15;134.018
17.12.2012;30.979;16.34;107.64;134.407
18.12.2012;30.74;15.57;108.84;128.461
19.12.2012;30.765;17.36;110.36;126.493
20.12.2012;30.703;17.67;110.2;126.777
21.12.2012;30.828;17.84;108.97;131.05
24.12.2012;30.633;18.59;108.8;131.113
26.12.2012;30.587;19.48;111.07;130.224
27.12.2012;30.365;19.47;110.8;131.17
28.12.2012;30.369;22.72;110.62;132.51
31.12.2012;30.558;18.02;111.11;132.578
02.01.2013;30.175;14.68;112.47;138.558
03.01.2013;30.25;14.56;112.14;154.896
04.01.2013;30.328;13.83;111.31;168.25
07.01.2013;30.349;13.79;111.4;181.83
08.01.2013;30.3;13.62;111.94;182.16
10.01.2013;30.143;13.49;111.89;172.83
11.01.2013;30.328;13.36;110.64;170.75
14.01.2013;30.221;13.52;111.88;124.97
15.01.2013;30.298;13.55;110.3;125.64
16.01.2013;30.341;13.42;110.61;126.66
17.01.2013;30.173;13.57;111.1;128.67
18.01.2013;30.267;12.46;111.89;132.65
22.01.2013;30.24;12.43;112.42;133.07
23.01.2013;30.155;12.46;112.8;131.76
24.01.2013;30.078;12.69;113.28;130.46
25.01.2013;30.041;12.89;113.28;131.47
28.01.2013;30.18;13.57;113.48;133.516
29.01.2013;30.04;13.31;114.36;136.179
30.01.2013;30.043;14.32;114.9;143.159
31.01.2013;30.03;14.28;115.55;145.149
01.02.2013;29.863;12.9;116.76;126.34
04.02.2013;30.075;14.67;115.6;164.5
05.02.2013;29.968;13.72;116.52;133.5
07.02.2013;30.25;13.5;117.24;179.83
08.02.2013;30.17;13.02;118.9;180.83
12.02.2013;30.035;12.64;118.66;174.5
13.02.2013;30.052;12.98;118.72;139.112
14.02.2013;30.122;12.66;118;139.464
15.02.2013;30.113;12.46;117.66;140.481
19.02.2013;30.09;12.31;117.52;143.87
20.02.2013;30.23;14.68;115.6;142.895
21.02.2013;30.47;15.22;113.53;148.217
22.02.2013;30.39;14.17;114.1;155.296
25.02.2013;30.475;18.99;114.44;153.853
26.02.2013;30.605;16.87;112.71;156.59
27.02.2013;30.49;14.73;111.87;155.616
28.02.2013;30.65;15.51;111.38;153.141
01.03.2013;30.696;15.36;110.4;116.414
04.03.2013;30.768;14.01;110.09;164.833
05.03.2013;30.618;13.48;111.61;131.5
06.03.2013;30.782;13.53;111.06;165.166
07.03.2013;30.712;13.06;111.15;185.83
12.03.2013;30.688;12.27;109.65;176
13.03.2013;30.798;11.83;108.52;140.5
14.03.2013;30.719;11.3;109.42;140.5
15.03.2013;30.626;11.3;109.82;139.5
18.03.2013;30.808;13.36;109.51;144
19.03.2013;30.997;14.39;107.45;148.5
20.03.2013;30.875;12.67;108.72;163.166
21.03.2013;30.95;13.99;107.47;163.5
22.03.2013;30.85;13.57;107.66;163.5
25.03.2013;30.94;13.74;108.17;163.833
26.03.2013;30.88;12.77;109.36;163.5
27.03.2013;31.035;13.15;109.69;167.5
28.03.2013;31.117;12.7;110.02;166.166
01.04.2013;31.087;13.58;111.08;118.079
02.04.2013;31.323;12.78;110.69;144.251
03.04.2013;31.652;14.21;107.11;155.188
04.04.2013;31.602;13.89;106.34;162.166
09.04.2013;31.025;12.84;106.23;193.16
10.04.2013;30.892;12.36;105.79;173.16
11.04.2013;30.865;12.24;104.27;169.5
12.04.2013;31.065;12.06;103.11;175.83
15.04.2013;31.502;17.27;100.39;143.5
16.04.2013;31.248;13.96;99.91;144
17.04.2013;31.887;16.51;97.69;148
18.04.2013;31.585;17.56;99.13;157.833
19.04.2013;31.665;14.97;99.65;158.5
22.04.2013;31.565;14.39;100.39;156.833
23.04.2013;31.635;13.48;100.31;143
24.04.2013;31.48;13.61;101.73;140.5
25.04.2013;31.163;13.62;103.41;138
26.04.2013;31.288;13.61;103.16;140
29.04.2013;30.973;13.71;103.81;138
30.04.2013;31.128;13.52;102.37;137
02.05.2013;31.152;13.59;102.85;142.287
03.05.2013;31.08;12.85;104.19;143.472
06.05.2013;31.04;12.66;105.46;168.666
07.05.2013;31.067;12.83;104.4;191.16
08.05.2013;31.148;12.66;104.34;179.5
09.05.2013;31.198;13.13;104.47;191.5
13.05.2013;31.34;12.55;102.82;130
14.05.2013;31.36;12.77;102.6;129
15.05.2013;31.455;12.81;103.68;132
16.05.2013;31.395;13.07;103.8;135.25
17.05.2013;31.453;12.45;104.64;134.5
20.05.2013;31.238;13.02;104.8;136.25
21.05.2013;31.24;13.37;103.91;139
22.05.2013;31.415;13.82;102.6;136
23.05.2013;31.483;14.07;102.44;142.25
24.05.2013;31.33;13.99;102.64;144
28.05.2013;31.524;14.48;104.23;142
29.05.2013;31.628;14.83;102.43;151
30.05.2013;31.73;14.53;102.19;161.166
31.05.2013;31.922;16.3;100.39;161.833
03.06.2013;31.843;16.28;102.06;144.477
05.06.2013;32.175;17.5;103.04;131.5
06.06.2013;32.13;16.63;103.61;175.166
11.06.2013;32.395;17.07;102.96;170.16
12.06.2013;32.22;18.59;103.49;170.16
13.06.2013;31.975;16.41;104.25;177.83
14.06.2013;31.727;17.15;105.93;168.16
17.06.2013;31.757;16.8;105.47;167.83
18.06.2013;32.008;16.61;106.02;173.16
19.06.2013;32.383;16.64;106.12;173
20.06.2013;33.055;20.49;102.15;201.83
21.06.2013;32.775;18.9;100.91;221
24.06.2013;32.765;20.11;101.16;242.5
25.06.2013;32.821;18.47;101.26;215.5
26.06.2013;32.943;17.21;101.66;193.83
27.06.2013;32.816;16.86;102.82;187.83
28.06.2013;32.835;16.86;102.16;191.16
01.07.2013;32.992;16.37;103;119.152
02.07.2013;33.19;16.44;104;141.647
03.07.2013;33.135;16.2;105.76;140
05.07.2013;33.328;14.89;107.72;130
08.07.2013;33.205;14.78;107.43;186.16
10.07.2013;32.955;14.21;108.51;171.5
11.07.2013;32.532;14.01;107.73;167.66
15.07.2013;32.592;13.79;109.09;178.16
16.07.2013;32.42;14.42;109.4;173.5
17.07.2013;32.325;13.78;108.61;169.5
18.07.2013;32.483;13.77;108.7;167.16
19.07.2013;32.377;12.54;108.07;167.16
22.07.2013;32.345;12.29;108.15;163.83
23.07.2013;32.295;12.66;108.42;166.16
24.07.2013;32.483;13.18;107.19;168.81
25.07.2013;32.665;12.97;107.65;178.16
26.07.2013;32.788;12.72;107.17;181.16
29.07.2013;32.86;13.39;107.45;181.5
30.07.2013;32.967;13.39;106.91;181.83
31.07.2013;32.96;13.45;107.7;184.83
01.08.2013;33.11;12.94;109.54;120.167
02.08.2013;32.835;11.98;108.95;141.314
05.08.2013;32.917;11.84;108.7;130
07.08.2013;32.963;12.98;107.44;191.5
08.08.2013;32.86;12.73;106.68;181.83
13.08.2013;33.072;12.31;109.82;178.83
14.08.2013;33.087;13.04;110.2;179.16
15.08.2013;32.9;14.73;111.11;183.5
16.08.2013;32.917;14.37;110.4;184.16
19.08.2013;32.987;15.1;109.9;191.16
20.08.2013;32.95;14.91;110.15;192.5
21.08.2013;33.153;15.94;109.81;195.16
22.08.2013;33.055;14.76;109.9;194.83
23.08.2013;33.035;13.98;111.04;190.16
26.08.2013;33.085;14.99;110.73;190.16
27.08.2013;33.16;16.77;114.36;196.5
28.08.2013;33.19;16.49;116.61;195.5
29.08.2013;33.258;16.81;115.16;189.83
30.08.2013;33.268;17.01;114.01;192.5
04.09.2013;33.322;15.88;114.91;144.5
05.09.2013;33.443;15.77;115.26;126.5
09.09.2013;33.158;15.63;113.72;186.16
10.09.2013;32.945;14.53;111.25;170.83
12.09.2013;32.653;14.29;112.63;165.87
13.09.2013;32.465;14.16;112.78;169.16
16.09.2013;32.322;14.38;110.07;161.83
17.09.2013;32.208;14.53;108.19;161.83
18.09.2013;31.793;13.59;110.6;159.16
19.09.2013;31.657;13.16;108.76;140.5
20.09.2013;31.863;13.12;109.22;155
23.09.2013;31.814;14.31;108.16;163.5
24.09.2013;31.883;14.08;108.64;168.5
25.09.2013;32.093;14.01;108.32;167.5
26.09.2013;32.335;14.06;109.21;168.16
27.09.2013;32.315;15.46;108.63;173.5
30.09.2013;32.393;16.6;108.37;176.16
01.10.2013;32.25;15.54;107.94;117.94
04.10.2013;32.179;16.74;109.46;141
07.10.2013;32.212;19.41;109.68;193.33
09.10.2013;32.32;19.6;109.06;183.83
10.10.2013;32.175;16.48;111.8;166.5
14.10.2013;32.28;16.07;111.04;162.5
15.10.2013;32.303;18.66;109.96;158.5
16.10.2013;32.057;14.71;110.86;157.16
17.10.2013;31.867;13.48;109.11;161.5
18.10.2013;31.865;13.04;109.94;158.83
21.10.2013;31.975;13.16;109.64;159.83
22.10.2013;31.689;13.33;109.97;158.83
23.10.2013;31.751;13.42;107.8;162.16
24.10.2013;31.698;13.2;106.99;164.5
25.10.2013;31.811;13.09;106.93;164.5
28.10.2013;31.918;13.31;109.61;164.83
29.10.2013;32.123;13.41;109.01;167.5
30.10.2013;32;13.65;109.86;167.16
31.10.2013;32.083;13.75;108.84;167.16
01.11.2013;32.462;13.28;105.91;124.915
04.11.2013;32.378;12.93;106.23;136.5
06.11.2013;32.375;12.67;105.24;186.166
07.11.2013;32.458;13.91;103.46;189.16
11.11.2013;32.833;12.53;106.4;170.83
12.11.2013;32.865;12.82;105.81;165.89
13.11.2013;32.753;12.52;107.12;168
14.11.2013;32.752;12.37;108.54;167.83
15.11.2013;32.571;12.19;108.5;167.25
18.11.2013;32.576;13.1;108.47;163.5
19.11.2013;32.716;13.39;106.92;165.83
20.11.2013;32.91;13.4;108.06;166.83
21.11.2013;32.993;12.66;110.08;171.25
22.11.2013;32.745;12.26;111.05;165
25.11.2013;32.921;12.79;111;167.16
26.11.2013;32.954;12.81;110.88;168.5
27.11.2013;33.185;12.98;111.31;171
29.11.2013;33.149;13.7;109.69;173
02.12.2013;33.224;14.23;111.45;140.592
03.12.2013;33.241;14.55;112.62;141
04.12.2013;33.113;14.7;111.88;141
06.12.2013;32.767;13.79;111.61;183.16
09.12.2013;32.682;13.49;109.39;170.16
11.12.2013;32.763;15.42;109.7;171
12.12.2013;32.828;15.54;108.67;166.86
13.12.2013;32.903;15.76;108.83;166.54
16.12.2013;32.94;16.03;110.47;165.21
17.12.2013;32.983;16.21;108.44;163.57
18.12.2013;32.9;13.8;109.63;163.24
19.12.2013;32.985;14.15;110.29;161.92
20.12.2013;32.985;13.79;111.77;167.79
23.12.2013;32.71;13.04;111.56;162.06
24.12.2013;32.627;12.48;111.9;168.27
26.12.2013;32.675;12.33;111.98;168.27
27.12.2013;32.612;12.46;112.18;167.16
30.12.2013;32.82;13.56;111.21;167.19
31.12.2013;32.895;13.72;110.8;167.19
07.01.2014;33.14;12.92;107.35;178.47
08.01.2014;33.177;12.87;107.15;237.659
09.01.2014;33.213;12.89;106.39;223.402
10.01.2014;33.002;12.14;107.25;245.622
13.01.2014;33.288;13.28;106.75;164.22
14.01.2014;33.318;12.28;106.39;164.88
15.01.2014;33.398;12.28;107.13;163.88
16.01.2014;33.416;12.53;107.09;164.23
17.01.2014;33.615;12.44;106.48;167.85
21.01.2014;33.977;12.87;106.73;171.17
22.01.2014;33.945;12.84;108.27;170.18
23.01.2014;34.153;13.77;107.58;175.78
24.01.2014;34.51;18.14;107.88;181.43
27.01.2014;34.688;17.42;106.69;181.4
28.01.2014;34.788;15.8;107.41;179.73
29.01.2014;35.091;17.35;107.85;186.38
30.01.2014;34.93;17.29;107.95;188.03
31.01.2014;35.176;18.41;106.4;194.3
04.02.2014;35.023;19.11;105.78;201.32
05.02.2014;34.865;19.95;106.25;272.91
06.02.2014;34.73;17.23;107.19;184.15
07.02.2014;34.752;15.29;109.57;179.45
10.02.2014;34.75;15.26;108.63;250.982
12.02.2014;34.829;14.3;108.79;353.81
13.02.2014;35.083;14.14;108.73;183.07
14.02.2014;35.12;13.57;109.08;179.77
18.02.2014;35.46;13.87;110.46;181.42
19.02.2014;35.778;15.5;110.47;185.38
20.02.2014;35.755;14.79;110.3;190.163
21.02.2014;35.51;14.68;109.85;179.11
24.02.2014;35.532;14.23;110.64;175.48
25.02.2014;35.742;13.67;109.51;179.77
26.02.2014;36.04;14.35;109.52;185.06
27.02.2014;36.02;14.04;108.96;190.73
28.02.2014;36.05;14;109.07;185.07
03.03.2014;36.532;16;111.2;230.04
04.03.2014;36.095;14.1;109.3;204.93
06.03.2014;36.128;14.21;108.1;186.45
07.03.2014;36.388;14.11;109;176.48
10.03.2014;36.388;14.2;108.08;250.182
11.03.2014;36.455;14.8;108.55;252.091
12.03.2014;36.48;14.47;108.02;364.42
13.03.2014;36.587;16.22;107.39;286.83
14.03.2014;36.565;17.82;108.57;275.3
17.03.2014;36.29;15.64;106.24;269.01
18.03.2014;36.245;14.52;106.79;257.44
19.03.2014;36.182;15.12;105.85;245.51
20.03.2014;36.392;14.52;106.45;259.21
21.03.2014;36.248;15;106.92;271.379
24.03.2014;36.095;15.09;106.81;266.43
25.03.2014;35.498;14.02;106.99;250.77
26.03.2014;35.545;14.93;107.03;240.56
27.03.2014;35.617;14.62;107.83;234.15
28.03.2014;35.807;14.41;108.07;235.13
31.03.2014;35.047;13.88;107.76;201.3
02.04.2014;35.453;13.09;104.79;184.73
03.04.2014;35.583;13.37;106.15;210.46
04.04.2014;35.324;13.96;106.72;209.22
07.04.2014;35.617;15.57;105.82;176.16
08.04.2014;35.75;14.89;107.67;239.659
09.04.2014;35.585;13.82;107.98;226.95
11.04.2014;35.645;17.03;107.33;265.474
14.04.2014;35.99;16.11;109.07;244.01
15.04.2014;36.267;15.61;108.74;256.91
16.04.2014;36.034;14.18;109.6;247.45
17.04.2014;35.453;13.36;109.53;239
21.04.2014;35.688;13.25;109.95;239
22.04.2014;35.695;13.19;109.27;242.52
23.04.2014;35.715;13.27;109.11;249.92
24.04.2014;35.775;13.32;110.33;264.69
25.04.2014;36.02;14.06;109.58;282.14
28.04.2014;35.85;13.97;108.12;265.84
29.04.2014;35.64;13.71;108.98;254.951
30.04.2014;35.634;13.41;108.07;261.99
02.05.2014;35.847;12.91;108.59;185.06
05.05.2014;35.727;13.29;107.72;271.981
06.05.2014;35.41;13.8;107.06;183.15
08.05.2014;35.127;13.43;108.04;255.978
09.05.2014;35.233;12.92;107.89;227.41
12.05.2014;35.015;12.23;108.41;367.8
13.05.2014;34.875;12.13;109.24;220.27
14.05.2014;34.682;12.17;110.19;224.74
15.05.2014;34.775;13.17;110.44;230.73
16.05.2014;34.745;12.44;109.75;232.17
19.05.2014;34.597;12.42;109.37;209.82
20.05.2014;34.508;12.96;109.69;202.02
21.05.2014;34.337;11.91;110.55;196.73
22.05.2014;34.312;12.03;110.36;197.06
23.05.2014;34.125;11.36;110.54;189.44
27.05.2014;34.417;11.51;110.02;191.76
28.05.2014;34.573;11.68;109.81;186.8
29.05.2014;34.665;11.57;109.97;186.13
30.05.2014;34.92;11.4;109.41;186.77
02.06.2014;35.065;11.58;108.83;181.73
03.06.2014;35.102;11.87;108.82;201.98
05.06.2014;34.697;11.68;108.79;291.62
06.06.2014;34.447;10.73;108.61;170.89
10.06.2014;34.369;10.99;109.52;244.039
11.06.2014;34.398;11.6;109.95;274.433
13.06.2014;34.385;12.18;113.41;173.19
16.06.2014;34.625;12.65;112.94;181.45
17.06.2014;34.833;12.06;113.45;180.45
18.06.2014;34.382;10.61;114.26;176.98
19.06.2014;34.385;10.62;115.06;171.36
20.06.2014;34.458;10.85;114.81;177.1
23.06.2014;34.093;10.98;114.12;178.11
24.06.2014;33.818;12.13;114.46;167.85
25.06.2014;33.76;11.59;114;169.54
26.06.2014;33.717;11.63;113.21;166.08
27.06.2014;33.753;11.26;113.3;173.5
30.06.2014;33.988;11.57;112.36;176.8
01.07.2014;34.358;11.15;112.29;161.57
02.07.2014;34.275;10.82;111.24;180.76
03.07.2014;34.291;10.32;111;232.06
07.07.2014;34.4355;11.33;110.24;171.52
08.07.2014;34.261;11.98;108.94;267.196
10.07.2014;34.0128;12.59;108.67;243.411
11.07.2014;34.1629;12.08;106.66;276.642
14.07.2014;34.3078;11.82;106.98;175.17
15.07.2014;34.377;11.96;106.02;179.46
16.07.2014;34.4206;11;105.85;179.79
17.07.2014;34.9347;14.54;107.89;197.71
18.07.2014;35.1145;12.06;107.24;196.4
21.07.2014;35.2003;12.81;107.68;223.32
22.07.2014;34.9649;12.24;107.33;197.36
23.07.2014;34.8408;11.52;108.03;194.06
24.07.2014;35.0375;11.84;107.07;197.68
25.07.2014;35.095;12.69;108.39;221.21
28.07.2014;35.525;12.56;107.57;224.7
29.07.2014;35.7066;13.28;107.72;230.69
30.07.2014;35.6146;13.33;106.51;226.75
31.07.2014;35.6848;16.95;106.02;234.2
01.08.2014;35.7482;17.03;104.84;163.57
04.08.2014;35.8285;15.12;105.41;220.16
05.08.2014;35.92;16.87;104.61;227.25
07.08.2014;36.2857;16.66;105.44;171.19
08.08.2014;36.2593;15.77;105.02;272.031
12.08.2014;36.1317;14.13;103.02;393.33
13.08.2014;36.055;12.9;104.28;237.472
14.08.2014;36.0178;12.42;102.01;229.56
15.08.2014;36.1783;13.15;103.53;244.418
18.08.2014;36.093;12.32;101.6;233.92
19.08.2014;36.1915;12.21;101.56;224.969
20.08.2014;36.252;11.78;102.28;232.549
21.08.2014;36.1;11.76;102.63;220.274
22.08.2014;36.161;11.47;102.29;227.935
25.08.2014;36.1644;11.7;102.65;227.87
26.08.2014;36.098;11.63;102.5;231.048
27.08.2014;36.1866;11.78;102.72;225.27
28.08.2014;36.78;12.05;102.46;228.159
29.08.2014;37.0749;11.98;103.19;255.8
04.09.2014;36.9761;12.64;101.83;222.15
05.09.2014;37.0735;12.09;100.82;233.21
09.09.2014;37.0685;13.5;99.16;238.277
10.09.2014;37.3291;12.88;98.04;245.336
12.09.2014;37.8805;13.31;97.11;401.07
15.09.2014;38.3685;14.12;96.65;246.16
16.09.2014;38.7223;12.73;99.05;250.64
17.09.2014;38.389;12.65;98.97;246.7
18.09.2014;38.4011;12.03;97.7;243.85
19.09.2014;38.5396;12.11;98.39;236.56
22.09.2014;38.67;13.69;96.97;238.01
23.09.2014;38.5967;14.93;96.85;238.01
24.09.2014;38.1891;13.27;96.95;223.402
25.09.2014;38.481;15.64;97;227.368
26.09.2014;39.1123;14.85;97;238.277
29.09.2014;39.4757;15.98;97.2;249.893
30.09.2014;39.5727;16.31;94.67;248.54
01.10.2014;39.66;16.71;94.16;164.54
02.10.2014;39.654;16.16;93.42;183.4
03.10.2014;39.9386;14.55;92.31;231.07
06.10.2014;39.8587;15.46;92.79;172.17
07.10.2014;39.9402;17.2;92.11;173.53
09.10.2014;40.086;18.76;90.05;240.69
10.10.2014;40.376;21.24;90.21;255.043
13.10.2014;40.49;24.64;88.89;254.832
14.10.2014;40.8534;22.79;85.04;250.515
15.10.2014;40.6858;26.25;83.78;263.224
16.10.2014;40.9272;25.2;84.47;267.364
17.10.2014;40.6523;21.99;86.16;254.043
20.10.2014;41.0501;18.57;85.4;259.432
21.10.2014;40.94;16.08;86.22;255.91
22.10.2014;41.3246;17.87;84.71;254.579
23.10.2014;41.7328;16.53;86.83;263.597
24.10.2014;41.9405;16.11;86.13;251.03
27.10.2014;42.298;16.04;85.83;251.856
28.10.2014;42.4793;14.39;86.03;245.618
29.10.2014;42.8065;15.15;87.12;244.591
30.10.2014;41.6445;14.52;86.24;238.349
31.10.2014;43.034;14.03;85.86;243.163
03.11.2014;43.608;14.73;84.78;232.59
04.11.2014;43.59;14.89;82.82;225.14
06.11.2014;46.8675;13.67;82.86;170.51
07.11.2014;46.65;13.12;83.39;172.944
11.11.2014;46.3543;12.92;81.67;267.846
12.11.2014;45.93;13.02;80.38;420.53
13.11.2014;46.8;13.79;77.92;278.92
14.11.2014;47.196;13.31;79.41;294.47
17.11.2014;47.1186;13.99;79.31;302.38
18.11.2014;46.9025;13.86;78.47;298.39
19.11.2014;46.861;13.96;78.1;297.44
20.11.2014;46.152;13.58;79.33;286.51
21.11.2014;45.7308;12.9;80.36;284.04
24.11.2014;44.9978;12.62;79.68;308.91
25.11.2014;46.263;12.25;78.33;289.09
26.11.2014;47.3808;12.07;77.75;298.03
28.11.2014;50.4085;13.33;70.15;316.15
02.12.2014;53.85;12.85;70.54;179.76
03.12.2014;53.1568;12.47;69.92;247.95
05.12.2014;52.5101;11.82;69.07;231.21
08.12.2014;53.7432;14.21;66.19;247.069
09.12.2014;54.0559;14.89;66.84;238.165
11.12.2014;56.3955;20.08;63.68;277.281
12.12.2014;58.1819;21.08;61.85;487.12
15.12.2014;64.4455;20.42;61.06;540.63
16.12.2014;67.5062;23.57;59.86;590.11
17.12.2014;60.572;19.44;61.18;492.82
18.12.2014;61.5;16.81;59.27;474.16
19.12.2014;58.6014;16.49;61.38;437.48
22.12.2014;55.8605;15.25;60.11;420.05
23.12.2014;54.5611;14.8;61.69;420.194
24.12.2014;53.5;14.37;60.24;429.99
26.12.2014;53.95;14.5;59.45;429.99
29.12.2014;58.3217;15.06;57.88;445.03
30.12.2014;55.9077;15.92;57.9;469.91
31.12.2014;58.048;19.2;57.33;476.086
05.01.2015;60.8074;19.92;53.11;346.85
06.01.2015;63.0892;21.12;51.1;291.9
07.01.2015;62.9;19.31;51.15;325.51
09.01.2015;61.4457;17.55;50.11;346.86
12.01.2015;63.1624;19.6;47.43;265.739
13.01.2015;65.2646;20.56;46.59;599.99
14.01.2015;64.7915;21.48;48.69;565
15.01.2015;65.2315;22.39;47.67;536.4
16.01.2015;65.122;20.95;50.17;537.99
20.01.2015;65.1776;19.89;47.99;557.46
21.01.2015;65.3002;18.85;49.03;590
22.01.2015;64.1307;16.4;48.52;556
23.01.2015;64.2388;16.66;48.79;544.99
26.01.2015;68.5074;15.52;48.16;589.99
27.01.2015;66.8431;17.22;49.6;604.99
28.01.2015;68.0284;20.44;48.47;615.001
29.01.2015;68.7572;18.76;49.13;610
30.01.2015;68.8629;20.97;52.99;628
02.02.2015;68.3189;19.43;54.75;605
03.02.2015;65.1916;17.33;57.91;478.49
04.02.2015;68.0081;18.33;54.16;346.78
06.02.2015;66.9112;17.29;57.8;313.77
09.02.2015;65.7958;18.55;58.34;347.21
10.02.2015;65.4528;17.23;56.43;347.03
11.02.2015;65.3146;16.96;54.66;267.131
12.02.2015;65.1725;15.34;57.05;275.851
13.02.2015;63.5449;14.69;61.52;476.04
17.02.2015;62.5819;15.8;62.53;479.95
18.02.2015;61.5669;15.45;60.53;471.48
19.02.2015;61.9023;15.29;60.21;480.56
20.02.2015;62.012;14.3;60.22;497.08
23.02.2015;63.8;14.56;58.9;516.71
24.02.2015;62.8549;13.69;58.66;514.23
25.02.2015;61.3583;13.84;61.63;515.7
26.02.2015;61.1606;13.91;60.05;486.08
27.02.2015;61.6207;13.34;62.58;480.9
02.03.2015;62.6193;13.04;59.54;559.99
03.03.2015;61.9255;13.86;61.02;471.37
04.03.2015;61.9741;14.23;60.55;346.78
06.03.2015;60.4303;15.2;59.73;330.69
09.03.2015;60.789;15.06;58.53;347.06
11.03.2015;61.6381;16.87;57.54;257
12.03.2015;61.2711;15.42;57.08;275.993
13.03.2015;62.216;16;54.67;480.75
16.03.2015;62.1895;15.61;53.44;448.35
17.03.2015;61.4528;15.66;53.51;450.09
18.03.2015;59.3145;13.97;55.91;497.21
19.03.2015;59.9972;14.07;54.43;488.56
20.03.2015;59.2727;13.02;55.32;457.74
23.03.2015;58.745;13.41;55.92;433.42
24.03.2015;57.7006;13.62;55.11;420.34
25.03.2015;57.3978;15.44;56.48;408.99
26.03.2015;57.2957;15.8;59.19;407.92
27.03.2015;57.896;15.07;56.41;399.63
30.03.2015;57.5936;14.51;56.29;413.237
31.03.2015;58.1993;15.29;55.11;402.44
02.04.2015;56.6453;14.67;54.95;575
06.04.2015;55.4838;14.74;58.12;343.07
08.04.2015;53.6005;13.98;55.55;346.37
09.04.2015;51.8875;13.09;56.57;347.12
13.04.2015;52.0423;13.94;57.93;347.42
14.04.2015;50.8833;13.67;58.43;359.04
15.04.2015;49.7024;12.84;60.32;348.59
16.04.2015;49.7995;12.6;63.98;340.22
17.04.2015;51.8821;13.89;63.45;353.42
20.04.2015;53.3222;13.3;63.45;360.31
21.04.2015;53.7634;13.25;62.08;366.55
22.04.2015;52.2144;12.71;62.73;363.61
23.04.2015;50.7827;12.48;64.85;355.99
24.04.2015;50.9084;12.29;65.28;347.14
27.04.2015;51.9876;13.12;64.83;354.28
28.04.2015;51.5342;12.41;64.64;350.48
29.04.2015;51.0402;13.39;65.84;350.25
30.04.2015;51.6513;14.55;66.78;356.35
01.05.2015;51.796;12.7;66.46;559.97
05.05.2015;50.4491;14.31;67.52;356.36
06.05.2015;51.0011;15.15;67.77;345.24
08.05.2015;51.0377;12.86;65.39;339.58
11.05.2015;51.246;13.85;64.91;267.866
13.05.2015;49.2576;13.76;66.81;346.83
14.05.2015;50.122;12.74;66.59;307
15.05.2015;49.5628;12.38;66.81;303
18.05.2015;49.0687;12.73;66.27;297.96
19.05.2015;49.5371;12.85;64.02;323.42
20.05.2015;49.7284;12.88;65.03;290.92
21.05.2015;49.9847;12.11;66.54;289.09
22.05.2015;49.9817;12.13;65.37;286.54
26.05.2015;50.9499;14.06;63.72;291.9
27.05.2015;51.9873;13.27;62.06;297
28.05.2015;52.5899;13.31;62.58;306.86
29.05.2015;52.3212;13.84;65.56;297
01.06.2015;53.6187;13.97;64.88;600
02.06.2015;52.8647;14.24;65.49;545.17
03.06.2015;54.2938;13.66;63.8;452.75
04.06.2015;56.4487;14.71;62.03;346.8
05.06.2015;56.2446;14.21;63.31;341.99
08.06.2015;55.9969;15.29;62.69;346.93
10.06.2015;54.3462;13.22;65.7;340
11.06.2015;54.7913;12.85;65.11;282.981
15.06.2015;54.5077;15.39;62.61;357
16.06.2015;53.7588;14.81;63.7;346.88
17.06.2015;53.6084;14.5;63.87;346.89
18.06.2015;53.4641;13.19;64.26;353.15
19.06.2015;54.0064;13.96;63.02;347.95
22.06.2015;53.9301;12.74;63.34;341.32
23.06.2015;53.8511;12.11;64.45;325.3
24.06.2015;54.4662;13.26;63.49;326
25.06.2015;54.716;14.01;63.2;322.64
26.06.2015;54.806;14.02;63.26;324.54
29.06.2015;55.7448;18.85;62.01;337.868
30.06.2015;55.2806;18.23;63.59;336.24
01.07.2015;55.8397;16.09;62.01;575
07.07.2015;56.7309;16.09;56.85;346.51
08.07.2015;57.4966;19.66;57.05;347.13
09.07.2015;57.1921;19.97;58.61;347.24
10.07.2015;56.3876;16.83;58.73;323
13.07.2015;56.541;13.9;57.85;321.61
14.07.2015;56.4068;13.37;58.51;321.2
15.07.2015;56.952;13.23;57.05;324.47
16.07.2015;56.9496;12.11;57.51;314.76
17.07.2015;56.9669;11.95;57.1;306.89
20.07.2015;56.9939;12.25;56.65;308.92
21.07.2015;56.9346;12.22;57.04;313.42
22.07.2015;57.4359;12.12;56.13;319.13
23.07.2015;57.8501;12.64;55.27;323.33
24.07.2015;58.4299;13.74;54.62;336
27.07.2015;59.6501;15.6;53.47;346.89
28.07.2015;60.0155;13.44;53.3;342.98
29.07.2015;58.6778;12.5;53.38;329.05
30.07.2015;59.727;12.13;53.31;332.76
31.07.2015;61.7417;12.12;52.21;334.07
04.08.2015;63.0518;13;49.99;330
05.08.2015;63.4619;12.51;49.59;346.82
06.08.2015;64.0149;13.77;49.52;346.97
07.08.2015;64.037;13.39;48.61;346.84
10.08.2015;62.873;12.23;50.41;334.43
12.08.2015;64.2518;13.61;49.66;298.99
13.08.2015;64.6977;13.49;49.22;347.28
14.08.2015;64.9938;12.83;49.03;347.2
17.08.2015;65.5;13.02;48.74;346.93
18.08.2015;65.8717;13.79;48.81;346.75
19.08.2015;66.6027;15.25;47.16;347.12
20.08.2015;67.9297;19.14;46.62;347.12
21.08.2015;69.133;28.03;45.46;346.83
24.08.2015;70.8892;40.74;42.69;447.073
25.08.2015;69.0514;36.02;43.21;427.5
26.08.2015;68.9066;30.32;43.14;417
27.08.2015;66.0333;26.1;47.56;364.11
28.08.2015;65.423;26.05;50.05;347.09
31.08.2015;64.2768;28.43;54.15;346.92
01.09.2015;66.7987;31.4;49.56;574
02.09.2015;67.0242;26.09;50.5;540.95
03.09.2015;67.193;25.61;50.68;457.66
04.09.2015;68.4838;27.8;49.61;339.99
09.09.2015;68.481;26.23;47.58;347.24
10.09.2015;67.7313;24.37;48.89;333.62
11.09.2015;67.9536;23.2;48.14;307.02
14.09.2015;67.4673;24.25;46.37;359.5
15.09.2015;66.705;22.54;46.63;352
16.09.2015;65.3293;21.35;49.75;338.49
17.09.2015;65.4154;21.14;49.08;344
18.09.2015;66.5011;22.28;47.47;347.8
21.09.2015;66.0149;20.14;48.92;351.16
22.09.2015;66.0189;22.44;49.08;346.82
23.09.2015;66.4069;22.13;47.75;347.2
24.09.2015;66.0912;23.47;48.17;346.86
25.09.2015;65.5164;23.62;48.6;364.81
28.09.2015;66.0784;27.63;47.34;347.2
29.09.2015;65.7278;26.83;48.23;347.03
30.09.2015;65.4532;24.5;48.37;360
02.10.2015;66.0066;20.94;48.13;546.12
06.10.2015;63.3639;19.4;51.92;345.95
07.10.2015;62.6657;18.4;51.33;326.59
08.10.2015;61.369;17.42;53.05;345.43
09.10.2015;61.811;17.08;52.65;347.12
12.10.2015;62.273;16.17;49.86;292.32
13.10.2015;63.0786;17.67;49.24;324.22
14.10.2015;62.6939;18.03;49.15;324.49
15.10.2015;61.3889;16.05;48.71;313
16.10.2015;61.2708;15.05;50.46;288.138
19.10.2015;62.2839;14.98;48.61;290.054
20.10.2015;62.11;15.75;48.71;289.775
21.10.2015;63.0471;16.7;47.85;304
22.10.2015;62.5961;14.45;48.08;299
23.10.2015;62.3638;14.46;47.99;295
26.10.2015;63.0122;15.29;47.54;293
27.10.2015;64.9247;15.43;46.81;306
28.10.2015;63.9391;14.33;49.05;285.94
29.10.2015;64.4008;14.61;48.8;282.112
30.10.2015;63.9454;15.07;49.56;269.939
02.11.2015;63.6481;14.15;48.79;523.77
03.11.2015;62.5868;14.54;50.54;468.89
05.11.2015;63.4329;15.05;47.98;334
06.11.2015;64.5929;14.33;47.42;344.99
09.11.2015;64.5941;16.52;47.19;365.12
11.11.2015;65.4366;16.06;45.81;268
12.11.2015;66.6271;18.37;44.06;305
13.11.2015;66.7624;20.08;43.61;293
16.11.2015;65.2988;18.16;44.56;280.501
17.11.2015;65.1463;18.84;43.57;263.16
18.11.2015;64.7599;16.85;44.14;252.314
19.11.2015;64.6114;16.99;44.18;248.194
20.11.2015;64.7672;15.47;44.66;248.271
23.11.2015;65.8628;15.62;44.83;251.273
24.11.2015;65.4144;15.93;46.12;263.879
25.11.2015;65.5334;15.19;46.17;263.945
27.11.2015;66.4697;15.12;44.86;274.99
30.11.2015;66.4888;16.13;44.61;268.836
01.12.2015;66.6126;14.67;44.44;610
02.12.2015;67.4841;15.91;42.49;501.31
03.12.2015;67.5188;18.11;43.84;470.37
08.12.2015;69.4666;17.6;40.26;346.75
10.12.2015;69.1318;19.34;39.73;315.68
11.12.2015;70.3518;24.39;37.93;276.99
14.12.2015;70.5657;22.73;37.92;322.41
15.12.2015;69.9483;20.95;38.45;301.009
16.12.2015;70.3862;17.86;37.19;305.876
17.12.2015;71.177;18.94;37.06;301.99
18.12.2015;70.9601;20.7;36.88;312.99
21.12.2015;71.2254;18.7;36.35;307.737
22.12.2015;71.245;16.6;36.11;311.666
23.12.2015;69.6966;15.57;37.36;304.857
24.12.2015;70.2508;15.74;37.89;304.799
28.12.2015;72.2113;16.91;36.62;304.837
29.12.2015;72.2122;16.08;37.79;304.86
30.12.2015;73.5963;17.29;36.46;304.863
31.12.2015;72.999;18.21;37.28;304.863
04.01.2016;73.1655;20.7;37.22;285.424
06.01.2016;74.7623;20.59;34.23;256.916
07.01.2016;75.1;24.99;33.75;241.5
08.01.2016;74.805;27.01;33.55;233.83
11.01.2016;76.2;24.3;31.55;224.63
12.01.2016;77.0394;22.47;30.86;220.67
13.01.2016;76.6724;25.22;30.31;350.753
14.01.2016;76.0647;23.95;31.03;346.97
15.01.2016;77.6411;27.02;28.94;346.58
19.01.2016;78.5908;26.05;28.76;347.22
20.01.2016;81.3906;27.59;27.88;346.59
21.01.2016;82.6813;26.69;29.25;347.09
22.01.2016;78.045;22.34;32.18;342.197
25.01.2016;80.0649;24.15;30.5;343.906
26.01.2016;78.3342;22.5;31.8;336.091
27.01.2016;77.6556;23.11;33.1;322.591
28.01.2016;76.3787;22.42;33.89;318.19
29.01.2016;75.4644;20.2;34.74;322
02.02.2016;79.7542;21.98;32.72;348
03.02.2016;76.8869;21.65;35.04;302.981
05.02.2016;77.4872;23.38;34.06;239.62
08.02.2016;78.5509;26;32.88;234.76
09.02.2016;79.7087;26.54;30.32;212.99
11.02.2016;79.5917;28.14;30.06;232.15
12.02.2016;78.3558;25.4;33.36;216.15
16.02.2016;77.8876;24.11;32.18;346.735
17.02.2016;75.04;22.31;34.5;327.59
18.02.2016;76.4278;21.64;34.28;335
19.02.2016;76.9937;20.53;33.01;335.256
22.02.2016;75.3462;19.38;34.69;318.649
24.02.2016;75.7421;20.72;34.41;331.695
25.02.2016;75.3641;19.11;35.29;331.669
26.02.2016;76.1883;19.81;35.1;331.662
29.02.2016;75.1682;20.55;35.97;314.531
02.03.2016;73.0278;17.09;36.93;331.324
03.03.2016;73.162;16.7;37.07;299.936
10.03.2016;71.4291;18.05;40.05;216.52
11.03.2016;69.9192;16.5;40.39;233.61
14.03.2016;69.9772;16.92;39.53;285
15.03.2016;71.0474;16.84;38.74;284.337
16.03.2016;69.1734;14.99;40.33;281.576
17.03.2016;68.0758;14.44;41.54;266.827
18.03.2016;68.3703;14.02;41.2;261.956
21.03.2016;67.8348;13.79;41.54;276.65
22.03.2016;67.4914;14.17;41.79;276.496
23.03.2016;68.7234;14.94;40.47;283.166
24.03.2016;68.5601;14.74;40.44;290.129
28.03.2016;68.5128;15.24;40.27;290.022
29.03.2016;68.0899;13.82;39.14;297.583
30.03.2016;68.244;13.56;39.26;280.386
31.03.2016;67.0288;13.95;39.6;276.509
01.04.2016;67.5855;13.1;38.67;312
04.04.2016;68.7464;14.12;37.69;280.386
05.04.2016;68.5667;15.42;37.87;255.872
07.04.2016;67.9942;16.16;39.43;225.5
08.04.2016;67.1262;15.36;41.94;223.52
11.04.2016;66.7928;16.26;42.83;234.05
13.04.2016;66.2975;13.84;44.18;266.017
14.04.2016;66.1361;13.72;43.84;264.071
15.04.2016;66.405;13.62;43.1;267.744
18.04.2016;66.0847;13.35;42.91;257.342
19.04.2016;65.8547;13.24;44.03;245.866
20.04.2016;65.1893;13.28;45.8;247.05
21.04.2016;66.8337;13.95;44.53;240.412
22.04.2016;66.4792;13.22;45.11;248.093
25.04.2016;66.5674;14.08;44.48;250.23
26.04.2016;65.1825;13.96;45.74;249.143
27.04.2016;65.1325;13.77;47.18;248.029
28.04.2016;64.701;15.22;48.14;243.45
29.04.2016;64.6542;15.7;48.13;239.62
04.05.2016;66.5318;16.05;44.62;294.728
05.05.2016;65.8616;15.91;45.01;255.864
10.05.2016;66.2856;13.63;45.52;219.48
12.05.2016;64.8982;14.41;48.08;212.61
13.05.2016;65.4546;15.04;47.83;250.117
16.05.2016;64.8914;14.68;48.97;245.38
17.05.2016;64.7376;15.57;49.28;245.273
18.05.2016;65.9901;15.95;48.93;258.758
19.05.2016;66.779;16.33;48.81;270.6
20.05.2016;66.7833;15.2;48.72;261.837
23.05.2016;66.826;15.82;48.35;263.878
24.05.2016;66.1799;14.42;48.61;257.146
25.05.2016;65.4961;13.9;49.74;256.06
26.05.2016;65.8146;13.43;49.59;255.959
27.05.2016;66.1168;13.12;49.32;261.643
31.05.2016;66.6968;14.19;49.69;254.13
01.06.2016;67.1015;14.2;49.72;309.54
06.06.2016;65.2693;13.65;50.55;239.09
07.06.2016;64.6133;14.05;51.44;236.21
09.06.2016;64.3363;14.64;51.95;200.75
10.06.2016;65.2705;17.03;50.54;217.76
14.06.2016;66.1385;20.5;49.83;261.93
15.06.2016;65.5585;20.14;48.97;259.42
16.06.2016;65.7658;19.37;47.19;266.82
17.06.2016;64.8461;19.41;49.17;259.43
20.06.2016;64.2835;18.37;50.65;245.95
21.06.2016;63.7824;18.48;50.62;243.94
22.06.2016;64.8807;21.17;49.88;238.07
23.06.2016;63.83;17.25;50.91;238.65
24.06.2016;65.2733;25.76;48.41;255.71
27.06.2016;65.4441;23.85;47.16;259.02
28.06.2016;64.078;18.75;48.58;247.14
29.06.2016;63.8232;16.64;50.61;230.36
30.06.2016;63.9731;15.63;49.68;229.52
01.07.2016;63.804;14.77;50.35;319.458
06.07.2016;64.2031;14.96;48.8;237.39
07.07.2016;64.5625;14.76;46.4;229.39
11.07.2016;64.1963;13.54;46.25;223.48
12.07.2016;63.8928;13.55;48.47;204.31
13.07.2016;63.8403;13.04;46.26;220.53
14.07.2016;62.8268;12.82;47.37;217.26
15.07.2016;63.5079;12.67;47.61;220.24
18.07.2016;62.8635;12.44;46.96;226.58
19.07.2016;63.5394;11.97;46.66;230.81
20.07.2016;63.7773;11.77;47.17;227.98
21.07.2016;64.3803;12.74;46.2;221.11
22.07.2016;64.8689;12.02;45.69;226
25.07.2016;65.4183;12.87;44.72;227.41
26.07.2016;65.9448;13.05;44.87;231.25
27.07.2016;65.9353;12.83;43.47;234.76
28.07.2016;66.6038;12.72;42.7;234.29
29.07.2016;66.0429;11.87;42.46;235.68
01.08.2016;66.9005;12.44;42.14;328
02.08.2016;66.6682;13.37;41.8;346.49
03.08.2016;66.2634;12.86;43.1;303.484
04.08.2016;65.7809;12.42;44.29;286.384
08.08.2016;64.6274;11.5;45.39;209.91
09.08.2016;64.773;11.66;44.98;193.14
11.08.2016;64.3135;11.68;46.04;219.35
12.08.2016;64.764;11.55;46.97;199.75
15.08.2016;64.0429;11.81;48.35;220.65
16.08.2016;63.7823;12.64;49.23;218.78
17.08.2016;63.8325;12.19;49.85;220.74
18.08.2016;63.6637;11.43;50.89;225.05
19.08.2016;63.906;11.34;50.88;229.08
22.08.2016;64.8112;12.27;49.16;231.88
23.08.2016;64.5946;12.38;49.96;227.52
24.08.2016;65.1602;13.45;49.05;229.46
25.08.2016;64.6825;13.63;49.67;227.57
26.08.2016;64.8556;13.65;49.92;219.72
29.08.2016;64.7624;12.94;49.26;219.66
30.08.2016;65.2607;13.12;48.37;217.3
31.08.2016;65.3317;13.42;47.04;217.34
02.09.2016;65.0975;11.98;46.83;347.646
06.09.2016;64.5645;12.02;47.26;240.48
08.09.2016;63.9808;12.51;49.99;206.98
09.09.2016;64.8199;17.5;48.01;199.43
12.09.2016;64.5918;15.16;48.32;199.74
13.09.2016;65.2994;17.85;47.1;206.03
14.09.2016;65.1533;18.14;45.85;204.99
15.09.2016;64.7683;16.3;46.59;205.78
16.09.2016;65.1138;15.37;45.77;203.88
19.09.2016;64.6569;15.53;45.95;198.5
20.09.2016;64.7819;15.92;45.88;216.92
21.09.2016;63.8353;13.3;46.83;211.64
22.09.2016;63.6999;12.02;47.65;204.57
23.09.2016;64.0518;12.29;45.89;207
26.09.2016;63.9264;14.5;47.35;207.76
27.09.2016;63.856;13.1;45.97;215.03
28.09.2016;63.0129;12.39;48.69;214.03
29.09.2016;63.0892;14.02;49.24;211.17
30.09.2016;62.8343;13.29;49.06;216.58
03.10.2016;62.2769;13.57;50.89;293
05.10.2016;62.4194;12.99;51.86;254.949
06.10.2016;62.0861;12.84;52.51;246.04
10.10.2016;61.9853;13.38;53.14;222.93
11.10.2016;62.67;15.36;52.41;230.61
13.10.2016;63.0334;16.69;52.03;234
14.10.2016;62.9718;16.12;51.95;230.61
17.10.2016;63.1094;16.21;51.52;235.43
18.10.2016;62.8137;15.28;51.68;231.11
19.10.2016;62.2943;14.41;52.67;225.3
20.10.2016;62.486;13.75;51.38;222.64
21.10.2016;62.3778;13.34;51.78;222.63
24.10.2016;62.1881;13.02;51.46;220.48
25.10.2016;62.2667;13.46;50.79;219.7
26.10.2016;62.8987;14.24;49.98;223.38
27.10.2016;62.7163;15.36;50.47;224.14
28.10.2016;63.0059;16.19;49.71;219.51
31.10.2016;63.3823;17.06;48.3;219.98
01.11.2016;63.3208;18.56;48.14;343
02.11.2016;63.5101;19.32;46.86;366.315
03.11.2016;63.5806;22.08;46.35;272.875
07.11.2016;63.638;18.71;46.15;217.79
08.11.2016;63.7595;18.74;46.04;216.3
10.11.2016;65.4926;14.74;45.84;229.2
11.11.2016;65.7592;14.17;44.75;235.68
14.11.2016;66.0222;14.48;44.43;238.55
15.11.2016;64.1741;13.37;46.95;224.15
16.11.2016;64.7795;13.72;46.63;228.76
17.11.2016;64.8285;13.35;46.49;226.9
18.11.2016;64.6963;12.85;46.86;229.33
21.11.2016;63.9144;12.42;48.9;224.09
22.11.2016;63.7645;12.41;49.12;220.5
23.11.2016;64.4667;12.43;48.95;224.59
25.11.2016;64.9468;12.34;47.24;224.99
28.11.2016;64.8383;13.15;48.24;222.03
29.11.2016;65.0979;12.9;46.38;225.48
30.11.2016;64.142;13.33;50.47;222.65
01.12.2016;63.9759;14.07;53.94;345
02.12.2016;63.882;14.12;54.46;345.098
05.12.2016;63.8175;12.14;54.94;243.47
07.12.2016;63.2054;12.22;53;216.855
08.12.2016;63.2743;12.64;53.89;226.33
09.12.2016;62.4933;11.75;54.33;202.85
12.12.2016;61.0442;12.64;55.69;189.98
13.12.2016;60.6029;12.72;55.72;187.08
14.12.2016;62.0812;13.19;53.9;181
15.12.2016;61.731;12.79;54.02;181.15
16.12.2016;62.0946;12.2;55.21;179.79
19.12.2016;61.9306;11.71;54.92;179.82
20.12.2016;61.4518;11.45;55.35;178.9
21.12.2016;61.15;11.27;54.46;177.91
22.12.2016;60.9426;11.43;55.05;175.47
23.12.2016;61.0564;11.44;55.16;174.99
27.12.2016;60.6708;11.99;56.09;174.99
28.12.2016;60.3297;12.95;56.22;175
29.12.2016;60.4138;13.37;56.14;174.98
30.12.2016;61.273;14.04;56.82;175.01
03.01.2017;60.9133;12.85;55.47;162.99
05.01.2017;59.4481;11.67;56.89;151.99
06.01.2017;59.6046;11.32;57.1;149.62
09.01.2017;60.0788;11.56;54.94;138.44
11.01.2017;59.7256;11.26;55.1;128.36
12.01.2017;59.3491;11.54;56.01;130.31
13.01.2017;59.6869;11.23;55.45;178.47
17.01.2017;59.4025;11.87;55.47;180.37
18.01.2017;59.5544;12.48;53.92;181.89
19.01.2017;59.7304;12.78;54.16;184.77
20.01.2017;59.7521;11.54;55.49;182.37
23.01.2017;59.5022;11.77;55.23;181.35
24.01.2017;59.2511;11.07;55.44;179.22
25.01.2017;59.5145;10.81;55.08;181.16
26.01.2017;60.4317;10.63;56.24;180.21
27.01.2017;59.8178;10.58;55.52;175.32
30.01.2017;59.9332;11.88;55.23;178.2
31.01.2017;60.1589;11.99;55.7;181.83
01.02.2017;60.128;11.81;56.8;175.04
02.02.2017;59.4117;11.93;56.56;178.98
03.02.2017;58.9824;10.97;56.81;162.76
06.02.2017;58.903;11.37;55.72;149.84
08.02.2017;59.2323;11.45;55.12;158.71
10.02.2017;58.2219;10.85;56.7;135.89
13.02.2017;57.9851;11.07;55.59;165.11
14.02.2017;57.1288;10.74;55.97;165.63
15.02.2017;57.2565;11.97;55.75;172.68
16.02.2017;57.5993;11.76;55.65;174.59
17.02.2017;58.427;11.49;55.81;178.99
21.02.2017;57.4153;11.57;56.66;174.38
22.02.2017;58.0668;11.74;55.84;174.11
24.02.2017;58.4175;11.47;55.99;168.25
27.02.2017;58.0784;12.09;55.93;167.1
28.02.2017;58.3058;12.92;55.59;165.34
01.03.2017;58.2831;12.54;56.36;175.05
02.03.2017;58.8302;11.81;55.08;174.05
03.03.2017;58.2217;10.96;55.9;163.48
07.03.2017;58.1777;11.45;55.92;168.46
10.03.2017;58.9965;11.66;51.37;134.18
13.03.2017;58.7928;11.35;51.35;169.87
14.03.2017;59.1627;12.3;50.92;173.5
15.03.2017;58.396;11.63;51.81;170.35
16.03.2017;57.7819;11.21;51.74;165.56
17.03.2017;57.2234;11.28;51.76;160.08
20.03.2017;57.2987;11.34;51.62;170.1
21.03.2017;57.698;12.47;50.96;171.09
22.03.2017;57.7887;12.81;50.64;177.92
23.03.2017;57.4353;13.12;50.56;174.31
24.03.2017;56.8904;12.96;50.8;169.65
27.03.2017;56.9101;12.5;50.75;173.99
28.03.2017;57.0335;11.53;51.33;172.55
29.03.2017;56.6068;11.42;52.42;171.05
30.03.2017;56.0929;11.54;52.96;164.8
31.03.2017;56.2665;12.37;52.83;165.25
04.04.2017;56.0787;11.79;54.17;163.11
05.04.2017;56.379;12.89;54.36;155.65
07.04.2017;57.248;12.87;55.24;168.44
10.04.2017;57.1778;14.05;55.98;132.48
12.04.2017;56.6023;15.77;55.86;131.09
13.04.2017;56.2679;15.96;55.89;168
17.04.2017;55.9267;14.66;55.36;168.01
18.04.2017;56.2408;14.42;54.89;166.73
19.04.2017;56.5833;14.93;52.93;164.85
20.04.2017;56.2073;14.15;52.99;163.15
21.04.2017;56.4576;14.63;51.96;162.85
24.04.2017;55.8438;10.84;51.6;157.55
25.04.2017;56.1574;10.76;52.1;155.38
26.04.2017;57.1535;10.85;51.82;154.59
27.04.2017;56.9705;10.36;51.44;154.63
28.04.2017;56.9311;10.82;51.73;151.99
04.05.2017;58.3694;10.46;48.38;160.89
05.05.2017;57.9436;10.57;49.1;154.69
10.05.2017;57.4522;10.21;50.22;130.78
12.05.2017;57.0974;10.4;50.84;129.12
15.05.2017;56.352;10.42;51.82;150.56
16.05.2017;56.5699;10.65;51.65;148.83
17.05.2017;57.0978;15.59;52.21;156.85
18.05.2017;57.5828;14.66;52.51;159.13
19.05.2017;56.9264;12.04;53.61;151.56
22.05.2017;56.6293;10.93;53.87;150.09
23.05.2017;56.3695;10.72;54.15;148.37
24.05.2017;56.4127;10.02;53.96;147.37
25.05.2017;56.9672;9.99;51.46;145.95
26.05.2017;56.5203;9.81;52.15;144.97
30.05.2017;56.5497;10.38;51.84;144.97
31.05.2017;56.5617;10.41;50.31;150.84
01.06.2017;56.3983;9.89;50.63;167.8
02.06.2017;56.6453;9.75;49.95;175.48
06.06.2017;56.5353;10.45;50.12;150.33
07.06.2017;57.0911;10.39;48.06;177.05
09.06.2017;57.0237;10.7;48.15;139.17
13.06.2017;56.9845;10.42;48.72;158.19
14.06.2017;57.4307;10.64;47;156.89
15.06.2017;57.8743;10.9;46.92;163.56
16.06.2017;57.779;10.38;47.37;163.31
19.06.2017;58.4527;10.37;46.91;163.58
20.06.2017;59.62;10.86;46.02;171.84
21.06.2017;60.3063;10.75;44.82;173.58
22.06.2017;59.946;10.48;45.22;172.85
23.06.2017;59.395;10.02;45.54;168.71
26.06.2017;58.7853;9.9;45.83;165.53
27.06.2017;59.4894;11.06;46.65;165.31
28.06.2017;59.2004;10.03;47.31;168.46
29.06.2017;59.4146;11.44;47.42;168.51
30.06.2017;58.9401;11.18;47.92;167.999
03.07.2017;59.284;11.22;49.68;158.63
06.07.2017;60.1558;12.54;48.11;151.83
07.07.2017;60.361;11.19;46.71;177.3
11.07.2017;60.7255;10.89;47.52;137.66
12.07.2017;59.9962;10.3;47.74;131.8
13.07.2017;59.8363;9.9;48.42;163.36
14.07.2017;59.0851;9.51;48.91;163.81
17.07.2017;59.355;9.82;48.42;163.34
18.07.2017;59.1807;9.89;48.84;164.56
19.07.2017;58.997;9.79;49.7;163.6
20.07.2017;58.9316;9.58;49.3;162.86
21.07.2017;59.3829;9.36;48.06;162.11
24.07.2017;60.0094;9.43;48.6;164.08
25.07.2017;59.8868;9.43;50.2;165.82
26.07.2017;59.4064;9.6;50.97;163.57
27.07.2017;59.4968;10.11;51.49;160.21
28.07.2017;59.5578;10.29;52.52;161.64
31.07.2017;59.7719;10.26;52.65;162.14
02.08.2017;60.5811;10.28;52.36;177.97
03.08.2017;60.3489;10.44;52.01;164.51
08.08.2017;59.8262;10.96;52.14;150.4
09.08.2017;59.9945;11.11;52.7;138.45
11.08.2017;59.8733;15.51;52.1;137.41
14.08.2017;59.863;12.33;50.73;150.76
15.08.2017;59.7038;12.04;50.8;149.79
16.08.2017;59.3852;11.74;50.27;149.76
17.08.2017;59.234;15.55;51.03;147.59
18.08.2017;59.0003;14.26;52.72;149.54
21.08.2017;59.1428;13.19;51.66;148.3
22.08.2017;59.0868;11.35;51.87;146.61
23.08.2017;59.063;12.25;52.57;145.66
24.08.2017;59.1624;12.23;52.04;145.46
25.08.2017;58.5828;11.28;52.41;146.01
28.08.2017;58.4388;11.32;51.89;146.91
29.08.2017;58.8299;11.7;52;146.99
30.08.2017;58.5678;11.22;50.86;143.08
31.08.2017;58.006;10.59;52.38;140.39
01.09.2017;57.5159;10.13;52.75;169.68
05.09.2017;57.527;12.23;53.38;155.43
06.09.2017;57.3641;11.63;54.2;156.23
08.09.2017;57.357;12.12;53.78;152.44
11.09.2017;57.2123;10.73;53.84;138.87
13.09.2017;57.9559;10.5;55.16;136.26
14.09.2017;57.4996;10.44;55.47;133.31
15.09.2017;57.6329;10.17;55.62;132.82
18.09.2017;58.1199;10.15;55.48;130.14
19.09.2017;58.1302;10.18;55.14;134.06
20.09.2017;58.1041;9.78;56.29;148.56
21.09.2017;57.901;9.67;56.43;150
22.09.2017;57.4783;9.59;56.86;145.63
25.09.2017;57.571;10.21;59.02;149.77
26.09.2017;57.8226;10.17;58.44;147.62
27.09.2017;58.1983;9.87;57.9;147.13
28.09.2017;57.9127;9.55;57.41;143.95
29.09.2017;57.4898;9.51;57.54;141.03
02.10.2017;57.899;9.45;56.12;172.88
03.10.2017;57.9168;9.51;56;169.37
04.10.2017;57.6845;9.63;55.8;171.06
05.10.2017;57.6916;9.19;57;151.27
10.10.2017;57.9808;10.08;56.61;128.81
11.10.2017;57.831;9.85;56.94;138.17
13.10.2017;57.174;9.61;57.17;130.53
16.10.2017;57.3217;9.91;57.82;130.06
17.10.2017;57.2975;10.31;57.88;131.28
18.10.2017;57.4379;10.07;58.15;131.05
19.10.2017;57.2734;10.05;57.23;131.03
20.10.2017;57.4945;9.97;57.75;130.08
23.10.2017;57.548;11.07;57.37;129.57
24.10.2017;57.6412;11.16;58.33;128.85
25.10.2017;57.7552;11.23;58.44;129.33
26.10.2017;57.856;11.3;59.3;128.12
27.10.2017;58.068;9.8;60.44;127.12
30.10.2017;57.9716;10.5;60.9;126.39
31.10.2017;58.3289;10.18;61.37;128.61
01.11.2017;58.2807;10.2;60.49;183.34
07.11.2017;59.3594;9.89;63.69;170.68
08.11.2017;59.2551;9.78;63.49;155.12
09.11.2017;59.2894;10.5;63.93;136.76
10.11.2017;59.2115;11.29;63.52;129.31
13.11.2017;59.3625;11.5;63.16;138.89
14.11.2017;60.2303;11.59;62.21;138.64
15.11.2017;60.2027;13.13;61.87;138.16
16.11.2017;59.6749;11.76;61.36;134.99
17.11.2017;59.0623;11.43;62.72;133.75
20.11.2017;59.3469;10.65;62.22;132.05
21.11.2017;59.1888;9.73;62.57;132.52
22.11.2017;58.5001;9.88;63.32;131.29
24.11.2017;58.3732;9.67;63.86;130.83
27.11.2017;58.4853;9.87;63.84;129.36
28.11.2017;58.3803;10.03;63.61;127.64
29.11.2017;58.6144;10.7;63.11;127.16
30.11.2017;58.438;11.28;63.57;126.43
01.12.2017;58.896;11.43;63.73;178.89
04.12.2017;58.8003;11.68;62.45;170.89
05.12.2017;58.7367;11.33;62.86;153.94
06.12.2017;59.218;11.02;61.22;155.74
07.12.2017;59.1867;10.16;62.2;164.55
12.12.2017;59.296;9.92;63.34;128.15
13.12.2017;58.619;10.18;62.44;128.39
14.12.2017;58.7556;10.49;63.31;125.97
15.12.2017;58.8009;9.42;63.23;124.73
18.12.2017;58.6635;9.53;63.41;120.57
19.12.2017;58.7743;10.03;63.8;119.59
20.12.2017;58.7035;9.72;64.56;119.09
21.12.2017;58.4615;9.62;64.9;117.87
22.12.2017;58.3697;9.9;65.25;117.87
26.12.2017;57.623;10.25;67.02;117.87
27.12.2017;57.7424;10.47;66.44;117.86
28.12.2017;57.5153;10.18;66.72;117.63
29.12.2017;57.6114;11.04;66.87;117.38
03.01.2018;57.2561;9.15;67.84;105.14
05.01.2018;56.9903;9.22;67.62;133.07
10.01.2018;57.0222;9.82;69.2;140.02
11.01.2018;56.4285;9.88;69.26;146.14
16.01.2018;56.5307;11.66;69.15;109.55
17.01.2018;56.7504;11.91;69.38;111.52
18.01.2018;56.5177;12.22;69.31;111.52
19.01.2018;56.7174;11.27;68.61;112.5
22.01.2018;56.5021;11.03;69.03;111.76
23.01.2018;56.3553;11.1;69.96;111.27
24.01.2018;56.178;11.47;70.53;111.76
25.01.2018;55.9244;11.58;70.42;111.27
26.01.2018;56.2572;11.08;70.52;111.27
29.01.2018;56.3178;13.84;69.46;113.72
30.01.2018;56.3823;14.79;69.02;110.79
31.01.2018;56.2075;13.54;69.05;106.37
01.02.2018;55.9171;13.47;69.65;116.9
02.02.2018;56.5501;17.31;68.58;106.86
05.02.2018;57.2066;37.32;67.62;136.74
07.02.2018;57.611;27.73;65.51;143.2
08.02.2018;58.4188;33.46;64.81;138.08
13.02.2018;57.6292;24.97;62.72;118.61
14.02.2018;56.7102;19.26;64.36;118.14
15.02.2018;56.4008;19.13;64.33;112.98
16.02.2018;56.3906;19.46;64.84;112.73
20.02.2018;56.5621;20.6;65.25;113.72
21.02.2018;56.7495;20.02;65.42;109.79
22.02.2018;56.5174;18.72;66.39;110.28
26.02.2018;55.7134;15.8;67.5;101.95
27.02.2018;56.2801;18.59;66.63;103.18
28.02.2018;56.3291;19.85;65.78;103.18
01.03.2018;56.8218;22.47;63.83;117.53
05.03.2018;56.4175;18.73;65.54;140.15
07.03.2018;56.8026;17.76;64.34;139.25
09.03.2018;56.6574;14.64;65.49;166.44
12.03.2018;56.8865;15.78;64.95;160.23
13.03.2018;57.0321;16.35;64.64;104.4
14.03.2018;57.1378;17.23;64.89;105.63
15.03.2018;57.4571;16.59;65.12;106.36
16.03.2018;57.4925;15.8;66.21;107.84
19.03.2018;57.8321;19.02;66.05;113.22
20.03.2018;57.5115;18.2;67.42;122.96
21.03.2018;56.8775;17.86;69.47;117.11
22.03.2018;57.2432;23.34;68.91;120.76
23.03.2018;57.2738;24.87;70.45;122.23
26.03.2018;57.1677;21.03;70.12;123.96
27.03.2018;57.514;22.5;70.11;123.2
28.03.2018;57.7175;22.87;69.53;122.98
29.03.2018;57.2599;19.97;70.27;122.73
04.04.2018;57.4433;20.06;68.02;121.75
05.04.2018;57.701;18.94;68.33;140.65
06.04.2018;58.1605;21.49;67.11;132.62
09.04.2018;60.6508;21.77;68.65;167.21
10.04.2018;63.0382;20.47;71.04;149.13
12.04.2018;62.0033;18.49;72.02;173.7
13.04.2018;62.0141;17.41;72.58;142.28
16.04.2018;61.1455;16.56;71.42;144.99
17.04.2018;61.5287;15.25;71.58;140.84
18.04.2018;60.8345;15.6;73.48;133.27
19.04.2018;60.8735;15.96;73.78;134.73
20.04.2018;61.3989;16.88;74.06;135.48
23.04.2018;61.8073;16.34;74.71;132.55
24.04.2018;61.6169;18.02;73.86;129.87
25.04.2018;62.4365;17.84;74;133.06
26.04.2018;62.7207;16.24;74.74;132.32
27.04.2018;62.1468;15.41;74.64;131.83
30.04.2018;62.9408;15.93;75.17;131.11
02.05.2018;64.0141;15.97;73.36;106.86
03.05.2018;63.0305;15.9;73.62;106.86
04.05.2018;62.5452;14.77;74.87;117.11
07.05.2018;62.9264;14.75;76.17;135.84
10.05.2018;61.71;13.23;77.47;150.12
11.05.2018;61.9193;12.65;77.12;140.98
14.05.2018;61.8468;12.93;78.23;128.93
15.05.2018;62.3277;14.63;78.43;134.84
16.05.2018;61.7229;13.42;79.28;131.64
17.05.2018;62.1747;13.43;79.3;133.33
18.05.2018;62.2749;13.42;78.51;136.76
21.05.2018;61.6018;13.08;79.22;136.32
22.05.2018;61.2143;13.22;79.57;130.92
23.05.2018;61.3504;12.58;79.8;131.38
24.05.2018;61.6104;12.53;78.79;126.48
25.05.2018;62.2765;13.22;76.44;127.94
29.05.2018;62.8181;17.02;75.39;129.64
30.05.2018;62.0777;14.94;77.5;132.67
31.05.2018;62.403;15.43;77.59;135.33
04.06.2018;62.0607;12.74;75.29;118.07
06.06.2018;61.7848;11.64;75.36;130.91
07.06.2018;62.4179;12.13;77.32;134.85
08.06.2018;62.3193;12.18;76.46;135.87
11.06.2018;62.8155;12.35;76.46;141.99
13.06.2018;62.5049;12.94;76.74;141.45
14.06.2018;62.6085;12.12;75.94;139.23
15.06.2018;63.188;11.98;73.44;146.11
18.06.2018;63.4583;12.31;75.34;151.99
19.06.2018;63.8736;13.35;75.08;153.96
20.06.2018;63.6888;12.79;74.74;146.16
21.06.2018;63.7063;14.64;73.05;143.68
22.06.2018;62.8773;13.77;75.55;138.54
25.06.2018;62.7825;17.33;74.73;142.7
26.06.2018;63.0303;15.92;76.31;142.47
27.06.2018;63.2109;17.91;77.62;143.69
28.06.2018;62.8012;16.85;77.85;142.97
29.06.2018;62.7338;16.09;79.44;139.76
02.07.2018;63.4293;15.6;77.3;106.36
03.07.2018;63.1266;16.14;77.76;106.61
05.07.2018;63.1154;14.97;77.39;140.65
06.07.2018;62.9677;13.37;77.11;131.62
09.07.2018;62.4951;12.69;78.07;176.37
11.07.2018;62.3559;13.63;73.4;143.71
12.07.2018;62.2673;12.58;74.45;153.26
13.07.2018;62.5553;12.18;75.33;123.56
16.07.2018;62.3227;12.83;71.84;126.04
17.07.2018;62.5927;12.06;72.16;128.49
18.07.2018;62.9669;12.1;72.9;132.42
19.07.2018;63.6649;12.87;72.58;134.62
20.07.2018;63.5093;12.86;73.07;134.4
23.07.2018;63.0689;12.62;73.06;132.92
24.07.2018;63.3094;12.41;73.44;131.93
25.07.2018;62.8188;12.29;73.93;133.42
26.07.2018;62.9533;12.14;74.54;133.42
27.07.2018;62.7967;13.03;74.29;131.94
30.07.2018;62.2518;14.26;74.97;131.45
31.07.2018;62.5078;12.83;74.25;130.96
01.08.2018;63.0369;13.15;72.39;116.66
02.08.2018;63.3833;12.19;73.45;112.74
03.08.2018;63.3389;11.64;73.21;105.39
06.08.2018;63.7398;11.27;73.75;135.81
08.08.2018;65.549;10.85;72.28;145.22
10.08.2018;67.7061;13.16;72.81;152.08
13.08.2018;67.8125;14.78;72.61;171.77
14.08.2018;66.337;13.31;72.46;159.04
15.08.2018;67.2998;14.64;70.76;164.39
16.08.2018;66.8308;13.45;71.43;159.51
17.08.2018;67.0448;12.64;71.83;162.47
20.08.2018;67.1083;12.49;72.21;162.46
21.08.2018;67.2698;12.86;72.63;163.25
22.08.2018;68.028;12.25;74.78;162.98
23.08.2018;68.1905;12.41;74.73;165.22
24.08.2018;67.0894;11.99;75.82;161.04
27.08.2018;67.5231;12.16;76.21;161.04
28.08.2018;67.87;12.5;75.95;161.05
29.08.2018;67.9422;12.25;77.14;163.49
30.08.2018;68.2441;13.53;77.77;162.25
31.08.2018;67.5458;12.86;77.42;165.94
04.09.2018;68.1158;13.16;78.17;134.71
05.09.2018;68.2578;13.91;77.27;139.69
07.09.2018;69.9025;14.88;76.83;129.47
10.09.2018;70.5613;14.16;77.37;154.03
11.09.2018;69.4245;13.22;79.06;156.93
13.09.2018;68.2455;12.37;78.18;167.7
14.09.2018;68.0749;12.07;78.09;163.05
17.09.2018;68.0636;13.68;78.05;160.08
18.09.2018;67.3648;12.79;79.03;156.17
19.09.2018;66.8168;11.75;79.4;150.97
20.09.2018;66.2735;11.8;78.7;155.02
21.09.2018;66.4138;11.68;78.8;155.51
24.09.2018;65.8465;12.2;81.2;152.79
25.09.2018;65.8789;12.42;81.87;151.58
26.09.2018;65.8054;12.89;81.34;149.83
27.09.2018;65.6158;12.41;81.72;142.23
28.09.2018;65.5503;12.12;82.72;140.99
01.10.2018;64.9848;12;84.98;113.47
04.10.2018;67.0142;14.22;84.58;150.62
05.10.2018;66.5795;14.82;84.16;131.1
08.10.2018;66.5707;15.69;83.91;166.8
09.10.2018;66.2607;15.95;85;179.26
10.10.2018;66.8935;22.96;83.09;154.03
12.10.2018;66.1173;21.31;80.43;158.5
15.10.2018;65.6526;21.3;80.78;148.12
16.10.2018;65.3067;17.62;81.41;146.4
17.10.2018;65.4946;17.4;80.05;148.6
18.10.2018;65.8044;20.06;79.29;150.54
19.10.2018;65.4911;19.89;79.78;151.54
22.10.2018;65.242;19.64;79.83;150.54
23.10.2018;65.5107;20.71;76.44;154.44
24.10.2018;65.6765;25.23;76.17;148.06
25.10.2018;65.5962;24.22;76.89;147.89
26.10.2018;65.7188;24.16;77.62;148.79
29.10.2018;65.8499;24.7;77.34;144.46
30.10.2018;65.5526;23.35;75.91;145.19
31.10.2018;65.8789;21.23;75.47;146.16
01.11.2018;65.7256;19.34;72.89;111.76
06.11.2018;66.1311;19.91;72.13;136.05
07.11.2018;66.3182;16.36;72.07;125.53
09.11.2018;68.1088;17.36;70.18;176.32
12.11.2018;67.846;20.45;70.12;153.33
13.11.2018;68.1147;20.02;65.47;156.93
14.11.2018;67.0379;21.25;66.12;151.56
15.11.2018;65.892;19.98;66.62;150.81
16.11.2018;65.9801;18.14;66.76;151.79
19.11.2018;65.5405;20.1;66.79;150.83
20.11.2018;66.1682;22.48;62.53;159.46
21.11.2018;65.6668;20.8;63.48;155.76
23.11.2018;66.1953;21.52;58.8;162.39
26.11.2018;67.0954;18.9;60.48;169.29
27.11.2018;67.0611;19.02;60.21;173.7
28.11.2018;66.9647;18.49;58.76;170.51
29.11.2018;66.2124;18.79;59.51;163.4
30.11.2018;66.951;18.07;58.71;163.88
03.12.2018;66.5095;16.44;61.69;103.43
04.12.2018;66.8401;20.74;62.08;141.32
06.12.2018;66.8741;21.19;60.06;138.26
07.12.2018;66.4006;23.23;61.67;125.78
10.12.2018;66.6529;22.64;59.97;152.31
11.12.2018;66.3795;21.76;60.2;157.68
12.12.2018;66.3996;21.46;60.15;152.13
13.12.2018;66.2312;20.65;61.45;147.18
14.12.2018;66.745;21.63;60.28;146.69
17.12.2018;66.7793;24.52;59.61;146.21
18.12.2018;67.2727;25.58;56.26;144.24
19.12.2018;67.4674;25.58;57.24;145.23
20.12.2018;68.3253;28.38;54.35;147.21
21.12.2018;68.8671;30.11;53.82;149.41
24.12.2018;68.5829;36.07;50.47;150.36
26.12.2018;68.6993;30.41;54.47;150.43
27.12.2018;69.5675;29.96;52.16;152.63
28.12.2018;69.5012;28.34;52.2;153.09
03.01.2019;68.6577;25.45;55.95;128.6
04.01.2019;67.7368;21.38;57.06;133.22
08.01.2019;66.9003;20.47;58.72;96.55
10.01.2019;66.9102;19.5;61.68;86.73
11.01.2019;66.8938;18.19;60.48;75.63
14.01.2019;67.0783;19.07;58.99;143.28
15.01.2019;66.9595;18.6;60.64;139.85
16.01.2019;66.372;19.04;61.32;135.91
17.01.2019;66.3653;18.06;61.18;137.64
18.01.2019;66.2722;17.8;62.7;133.46
22.01.2019;66.5341;20.8;61.5;133.42
23.01.2019;66.0805;19.52;61.14;129.51
24.01.2019;65.7634;18.89;61.09;130.98
25.01.2019;65.9938;17.42;61.64;130.76
28.01.2019;66.264;18.87;59.93;130.99
29.01.2019;66.0576;19.13;61.32;131.23
30.01.2019;65.5051;17.66;61.65;133.94
31.01.2019;65.4103;16.57;61.89;129.53
01.02.2019;65.5049;16.14;62.75;156.61
04.02.2019;65.5888;15.73;62.51;133.42
05.02.2019;65.6228;15.57;61.98;127.05
07.02.2019;65.9173;16.37;61.63;111.07
08.02.2019;65.7932;15.72;62.1;105.91
12.02.2019;65.8784;15.43;62.42;70.43
13.02.2019;66.5134;15.65;63.61;138.91
14.02.2019;66.6512;16.22;64.57;147.71
15.02.2019;66.3093;14.91;66.25;143.08
19.02.2019;65.7666;14.88;66.45;140.12
20.02.2019;65.6328;14.02;67.08;138.92
21.02.2019;65.5739;14.46;67.07;138.18
22.02.2019;65.3869;13.51;67.12;133.98
25.02.2019;65.495;14.85;64.76;129.07
26.02.2019;65.6999;15.17;65.21;130.29
27.02.2019;65.7901;14.7;66.39;129.58
28.02.2019;65.9151;14.78;66.03;129.08
01.03.2019;65.9365;13.57;65.07;155.25
04.03.2019;65.7387;14.63;65.67;132.46
05.03.2019;65.7624;14.74;65.86;127.06
06.03.2019;65.9751;15.74;65.99;131.78
07.03.2019;66.2827;16.59;66.3;111.08
12.03.2019;65.6236;13.77;66.67;69.48
13.03.2019;65.3932;13.41;67.55;124.4
14.03.2019;65.514;13.5;67.23;124.64
15.03.2019;64.8075;12.88;67.16;125.12
18.03.2019;64.3651;13.1;67.54;125.63
19.03.2019;64.38;13.56;67.61;124.64
20.03.2019;63.8577;13.91;68.5;135.37
21.03.2019;63.8684;13.63;67.86;132.48
22.03.2019;64.6616;16.48;67.03;135.36
25.03.2019;64.0807;16.33;67.21;129.48
26.03.2019;64.3919;14.68;67.97;129.77
27.03.2019;64.8291;15.15;67.83;138.56
28.03.2019;64.9382;14.43;67.82;136.89
29.03.2019;65.634;13.71;68.39;135.41
01.04.2019;65.1784;13.4;69.01;150.28
02.04.2019;65.299;13.36;69.37;136.18
03.04.2019;65.2355;13.74;69.31;128.33
04.04.2019;65.4796;13.58;69.4;131.47
09.04.2019;64.9032;14.28;70.61;90.15
10.04.2019;64.3223;13.3;71.73;88.69
11.04.2019;64.6097;13.02;70.83;75.62
12.04.2019;64.3497;12.01;71.55;69.43
15.04.2019;64.267;12.32;71.18;131.48
16.04.2019;64.1045;12.18;71.72;131.25
17.04.2019;63.8584;12.6;71.62;128.53
18.04.2019;63.8939;12.09;71.97;129.26
22.04.2019;63.8083;12.42;74.04;129.27
23.04.2019;63.6853;12.28;74.51;126.55
24.04.2019;64.3406;13.14;74.57;126.06
25.04.2019;64.6565;13.25;74.35;126.82
26.04.2019;64.7334;12.73;72.15;126.05
29.04.2019;64.4728;13.11;72.04;124.35
30.04.2019;64.6373;13.12;72.8;124.34
02.05.2019;65.4368;14.42;70.75;131.97
03.05.2019;65.088;12.87;70.85;128.1
06.05.2019;65.2236;15.44;71.24;128.56
07.05.2019;65.3974;19.32;69.88;111.83
08.05.2019;65.0687;19.4;70.37;109.33
13.05.2019;65.4278;20.55;70.23;130.48
14.05.2019;64.945;18.06;71.24;128.8
15.05.2019;64.6534;16.44;71.77;128.53
16.05.2019;64.6215;15.29;72.62;127.09
17.05.2019;64.7683;15.96;72.21;128.07
20.05.2019;64.5266;16.31;71.97;126.6
21.05.2019;64.4213;14.95;72.18;127.09
22.05.2019;64.3877;14.75;70.99;127.07
23.05.2019;64.8495;16.92;67.76;127.76
24.05.2019;64.4809;15.85;68.69;127.59
28.05.2019;64.7077;17.5;70.11;126.58
29.05.2019;64.9661;17.9;69.45;128.81
30.05.2019;65.1893;17.3;66.87;127.32
31.05.2019;65.4306;18.71;64.49;129.55
03.06.2019;65.3445;18.86;61.28;126.12
05.06.2019;65.3773;16.09;60.63;127.05
06.06.2019;65.085;15.93;61.67;128.07
11.06.2019;64.5588;15.99;62.29;74.41
13.06.2019;64.5806;15.82;61.31;123.61
14.06.2019;64.3915;15.28;62.01;122.66
17.06.2019;64.3192;15.35;60.94;122.17
18.06.2019;64.025;15.15;62.14;117.23
19.06.2019;63.7783;14.33;61.82;114.52
20.06.2019;62.91;14.75;64.45;109.36
21.06.2019;63.0073;15.4;65.2;112.31
24.06.2019;62.584;15.26;64.86;112.8
25.06.2019;62.8613;16.28;65.05;116.5
26.06.2019;63.0602;16.21;66.49;116.75
27.06.2019;63.0788;15.82;66.55;113.78
28.06.2019;63.2305;15.08;66.55;113.3
01.07.2019;62.973;14.06;65.06;145.51
02.07.2019;63.311;12.93;62.4;135.41
03.07.2019;63.322;12.57;63.82;126.6
05.07.2019;63.8159;13.28;64.23;128.54
08.07.2019;63.6823;13.96;64.11;111.55
10.07.2019;63.1755;13.03;67.01;88.19
11.07.2019;62.8166;12.93;66.52;72.88
15.07.2019;62.6628;12.68;66.48;106.4
16.07.2019;63.0391;12.86;64.35;103.94
17.07.2019;62.9353;13.97;63.66;104.92
18.07.2019;62.8087;13.53;61.93;105.16
19.07.2019;63.0295;14.45;62.47;104.43
22.07.2019;63.096;13.53;63.26;104.42
23.07.2019;63.1609;12.61;63.83;104.42
24.07.2019;63.2936;12.07;63.18;101.96
25.07.2019;63.2336;12.74;63.39;100.48
26.07.2019;63.3663;12.16;63.46;100.48
29.07.2019;63.4357;12.83;63.71;99.99
30.07.2019;63.5067;13.94;64.72;99.99
31.07.2019;63.6284;16.12;65.17;98.51
01.08.2019;64.3518;17.87;60.5;146.49
02.08.2019;65.2713;17.61;61.89;138.39
05.08.2019;65.5195;24.59;59.81;128.31
07.08.2019;65.3237;19.49;56.23;111.33
08.08.2019;65.0435;16.91;57.38;107.87
13.08.2019;64.9112;17.52;61.3;106.4
14.08.2019;66.0531;22.1;59.48;105.4
15.08.2019;66.0533;21.18;58.23;104.91
16.08.2019;66.5148;18.47;58.64;102.46
19.08.2019;66.8987;16.88;59.74;101.96
20.08.2019;66.5455;17.5;60.03;101.96
21.08.2019;65.754;15.8;60.3;101.72
22.08.2019;65.6081;16.68;59.92;101.22
23.08.2019;65.999;19.87;59.34;101.22
26.08.2019;66.0593;19.32;58.7;101.22
27.08.2019;66.4352;20.31;59.51;101.22
28.08.2019;66.7779;19.35;60.49;101.96
29.08.2019;66.5718;17.88;61.08;100.98
30.08.2019;66.7657;18.98;60.43;99.25
04.09.2019;66.2255;17.33;60.7;130.73
05.09.2019;66.2335;16.27;60.95;130
09.09.2019;65.5344;15.27;62.59;86.2
10.09.2019;65.4233;15.2;62.38;89.17
12.09.2019;64.7151;14.22;60.38;65.51
13.09.2019;64.3403;13.74;60.22;78.8
16.09.2019;64.0405;14.67;69.02;77.36
17.09.2019;64.3652;14.44;64.55;77.34
18.09.2019;64.163;13.95;63.6;76.35
19.09.2019;63.9748;14.05;64.4;75.37
20.09.2019;64.02;15.32;64.28;79.82
23.09.2019;63.8469;14.91;64.77;79.83
24.09.2019;63.9902;17.05;63.1;80.82
25.09.2019;64.1506;15.96;62.39;81.28
26.09.2019;64.2124;16.07;62.74;81.29
27.09.2019;64.6841;17.22;61.91;82.05
30.09.2019;64.8569;16.24;60.78;84.75
01.10.2019;65.2647;18.56;58.89;144.77
04.10.2019;64.6288;17.04;58.37;130.98
07.10.2019;64.9596;17.86;58.35;108.86
09.10.2019;64.8895;18.64;58.32;86.2
10.10.2019;64.4582;17.57;59.1;88.18
14.10.2019;64.295;14.57;59.35;85.74
15.10.2019;64.2749;13.54;58.74;82.04
16.10.2019;64.0773;13.68;59.42;79.85
17.10.2019;64.1176;13.79;59.91;77.12
18.10.2019;63.7651;14.25;59.42;75.9
21.10.2019;63.7151;14;58.96;75.39
22.10.2019;63.7282;14.46;59.7;75.41
23.10.2019;63.9333;14.01;61.17;75.41
24.10.2019;64.0693;13.71;61.67;75.4
25.10.2019;63.8639;12.65;62.02;75.39
28.10.2019;63.752;13.11;61.57;75.39
29.10.2019;63.9463;13.2;61.59;75.4
30.10.2019;63.8536;12.33;60.61;75.66
31.10.2019;64.1328;13.22;60.23;75.67
01.11.2019;63.5244;12.3;61.69;142.53
06.11.2019;63.8725;12.62;61.74;123.14
07.11.2019;63.5284;12.73;62.29;105.91
11.11.2019;63.8874;12.69;62.18;72.92
12.11.2019;64.2272;12.68;62.06;63.06
13.11.2019;64.3456;13;62.37;74.16
14.11.2019;63.9828;13.05;62.28;74.17
15.11.2019;63.7628;12.05;63.3;72.91
18.11.2019;63.8278;12.46;62.44;72.92
19.11.2019;63.8192;12.86;60.91;73.41
20.11.2019;63.8991;12.78;62.4;73.42
21.11.2019;63.7094;13.13;63.97;70.43
22.11.2019;63.8623;12.34;63.39;70.43
25.11.2019;63.9381;11.87;63.65;70.43
26.11.2019;63.9516;11.54;64.27;70.44
27.11.2019;63.9615;11.75;64.06;70.42
29.11.2019;64.3195;12.62;62.43;70.43
02.12.2019;64.1748;14.91;60.92;135.45
03.12.2019;64.1502;15.96;60.82;123.64
04.12.2019;63.9429;14.8;63;132.49
06.12.2019;63.7533;13.62;64.39;123.38
09.12.2019;63.5847;15.86;64.25;78.8
11.12.2019;63.2695;14.99;63.72;72.93
12.12.2019;62.8402;13.94;64.2;61.51
13.12.2019;62.8624;12.63;65.22;56.17
16.12.2019;62.4428;12.14;65.34;55.12
17.12.2019;62.4038;12.29;66.1;54.64
18.12.2019;62.661;12.58;66.17;57.34
19.12.2019;62.4133;12.5;66.54;56.87
20.12.2019;62.2634;12.51;66.14;57.1
23.12.2019;62.268;12.61;66.39;56.85
24.12.2019;61.9669;12.67;67.2;56.38
26.12.2019;62.2138;12.65;67.92;56.36
27.12.2019;62.0332;13.43;68.16;55.88
30.12.2019;61.9863;14.82;68.44;55.6
06.01.2020;61.8227;13.85;68.91;114.76
09.01.2020;61.283;12.54;65.37;89.63
10.01.2020;61.0548;12.56;64.98;119.69
13.01.2020;61.2727;12.32;64.2;59.53
14.01.2020;61.4394;12.39;64.49;61.03
15.01.2020;61.4315;12.42;64;62.01
16.01.2020;61.6574;12.32;64.62;60.26
17.01.2020;61.5573;12.1;64.85;60.27
21.01.2020;61.8802;12.85;64.59;61.52
22.01.2020;61.8397;12.91;63.21;61.99
23.01.2020;61.902;12.98;62.04;63.48
24.01.2020;62.0857;14.56;60.69;63.49
27.01.2020;62.9797;18.23;59.32;67.94
28.01.2020;62.2825;16.28;59.51;64.42
29.01.2020;62.5451;16.39;59.81;65.21
30.01.2020;63.2759;15.49;58.29;64.98
31.01.2020;63.9203;18.84;58.16;65.47
03.02.2020;63.715;17.97;54.45;81.27
04.02.2020;63.1093;16.05;53.96;180.9
06.02.2020;63.3488;14.96;54.93;106.15
07.02.2020;64.11;15.47;54.47;97.78
10.02.2020;64.1332;15.04;53.27;124.12
11.02.2020;63.3759;15.18;54.01;108.856
12.02.2020;63.2143;13.74;55.79;76.82
13.02.2020;63.6413;14.15;56.34;60.98
14.02.2020;63.5556;13.68;57.32;59.26
18.02.2020;63.8115;14.83;57.75;60.52
19.02.2020;63.571;14.38;59.12;59
20.02.2020;64.2038;15.56;59.31;61.74
21.02.2020;64.0561;17.08;58.5;61.76
25.02.2020;65.3726;27.85;54.95;66.91
26.02.2020;65.4708;27.56;53.43;67.89
27.02.2020;66.0217;39.16;52.18;75.36
28.02.2020;66.8806;40.11;50.52;87.2
02.03.2020;66.4319;33.42;51.9;64.92
03.03.2020;65.9881;36.82;51.86;77.39
04.03.2020;66.2666;31.99;51.13;178.45
06.03.2020;68.5685;41.94;45.27;93.6
11.03.2020;72.9375;53.9;35.79;102.95
12.03.2020;74.8742;75.47;33.22;73.86
13.03.2020;72.6133;57.83;33.85;210.23
16.03.2020;74.6596;82.69;30.05;230.7
17.03.2020;75.4362;75.91;28.73;233.15
18.03.2020;80.8692;76.45;24.88;296.6
19.03.2020;79.1566;72;28.47;300.95
20.03.2020;79.9236;66.04;26.98;261.18
23.03.2020;79.5936;61.59;27.03;281.48
24.03.2020;78.2965;61.67;27.15;250.68
25.03.2020;78.2023;63.95;27.39;213.74
26.03.2020;77.4751;61;26.34;173.55
27.03.2020;78.8122;65.54;24.93;198.06
30.03.2020;79.3378;57.08;22.76;212.83
31.03.2020;78.4426;53.54;22.74;193.17
02.04.2020;77.2349;50.91;29.94;62.67
03.04.2020;76.4918;46.8;34.11;77.79
06.04.2020;76.0059;45.24;33.05;94.093
08.04.2020;74.9406;43.35;32.84;102.95
09.04.2020;74.2565;41.67;31.48;102.22
13.04.2020;73.6013;41.17;31.74;151.52
14.04.2020;72.9953;37.76;29.6;158.86
15.04.2020;74.8437;40.84;27.69;176.53
16.04.2020;74.1841;40.11;27.82;183.47
17.04.2020;73.958;38.15;28.08;173.15
20.04.2020;75.5185;43.83;25.57;174.11
21.04.2020;77.0694;45.41;19.33;187.35
22.04.2020;75.9065;41.98;20.37;182.48
23.04.2020;74.7727;41.38;21.33;175.11
24.04.2020;74.5651;35.93;21.44;175.13
27.04.2020;74.4935;33.29;19.99;176.17
28.04.2020;74.1033;33.57;20.46;177.58
29.04.2020;73.0162;31.23;22.54;163.88
30.04.2020;74.3813;34.15;25.27;168.82
05.05.2020;73.7551;33.61;30.97;162.44
06.05.2020;74.5643;34.12;29.72;80.29
08.05.2020;73.4267;27.98;30.97;100.24
13.05.2020;73.929;35.28;29.19;143.76
14.05.2020;73.4875;32.61;31.13;154.58
15.05.2020;73.616;31.89;32.5;151.15
18.05.2020;72.6718;29.3;34.81;134.44
19.05.2020;72.4881;30.53;34.65;133.44
20.05.2020;71.118;27.99;35.75;131.98
21.05.2020;70.9631;29.53;36.06;128.05
22.05.2020;71.6123;28.16;35.13;128.54
26.05.2020;70.7948;28.01;36.17;120.17
27.05.2020;71.0038;27.62;34.74;121.16
28.05.2020;70.4928;28.59;35.29;120.66
29.05.2020;70.1445;27.51;35.33;116.72
01.06.2020;69.1249;28.23;38.32;60.54
02.06.2020;68.6754;26.84;39.57;60.49
03.06.2020;68.6504;25.66;39.79;106.89
04.06.2020;69.1601;25.81;39.99;171.15
05.06.2020;68.686;24.52;42.3;162.44
08.06.2020;68.1966;25.81;40.8;99.5
10.06.2020;68.4949;27.57;41.73;113.28
11.06.2020;70.2013;40.79;38.55;90.64
15.06.2020;69.5536;34.4;39.72;98.52
16.06.2020;69.6567;33.67;40.96;91.13
17.06.2020;69.7446;33.47;40.71;94.09
18.06.2020;69.8744;32.94;41.51;94.58
19.06.2020;69.446;35.12;42.19;91.13
22.06.2020;69.1003;31.77;43.08;93.1
23.06.2020;68.8651;31.37;42.63;90.64
25.06.2020;69.0183;32.22;41.05;101.47
26.06.2020;69.7955;34.73;41.02;102.462
29.06.2020;69.998;31.78;41.71;108.37
30.06.2020;71.1734;30.43;41.15;109.85
02.07.2020;70.5747;27.68;43.14;64.45
07.07.2020;71.4936;29.43;43.08;99.01
08.07.2020;71.1138;28.08;43.29;97.28
09.07.2020;70.9414;29.26;42.35;103.7
10.07.2020;70.7118;27.29;43.24;112.31
13.07.2020;70.9912;32.19;42.72;101.97
14.07.2020;70.8703;29.52;42.9;101.478
15.07.2020;70.9881;27.76;43.79;98.52
16.07.2020;71.592;28;43.37;100.98
17.07.2020;71.8825;25.68;43.14;101.23
20.07.2020;71.3428;24.46;43.28;99.99
21.07.2020;70.7443;24.84;44.32;97.53
22.07.2020;71.0675;24.32;44.29;94.08
23.07.2020;71.4585;26.08;43.31;89.64
24.07.2020;71.729;25.84;43.34;95.06
27.07.2020;71.565;24.74;43.41;92.11
28.07.2020;72.5804;25.44;43.22;94.57
29.07.2020;72.581;24.1;43.75;94.57
30.07.2020;73.1543;24.76;42.94;105.42
31.07.2020;74.4114;24.46;43.3;104.684
04.08.2020;73.5325;23.76;44.43;165.27
05.08.2020;72.8745;22.99;45.17;159.03
06.08.2020;73.2782;22.65;45.09;80.31
07.08.2020;73.717;22.21;44.4;99.01
10.08.2020;73.4667;22.13;44.99;110.82
12.08.2020;73.7116;22.28;45.43;76.32
13.08.2020;72.9555;22.13;44.96;83.72
14.08.2020;72.8558;22.05;44.8;91.61
17.08.2020;73.7015;21.35;45.37;100.49
18.08.2020;73.1634;21.51;45.46;97.53
19.08.2020;73.292;22.54;45.37;96.79
20.08.2020;73.7823;22.72;44.9;102.95
21.08.2020;74.7995;22.54;44.35;105.91
24.08.2020;74.6401;22.37;45.13;105.92
25.08.2020;75.3312;22.03;45.86;106.9
26.08.2020;75.3995;23.27;45.64;105.92
27.08.2020;74.9588;24.47;45.09;102.22
28.08.2020;74.0056;22.96;45.05;100.49
31.08.2020;74.0718;26.41;45.28;100.49
01.09.2020;73.5765;26.12;45.58;59.07
03.09.2020;75.268;33.6;44.07;106.89
04.09.2020;75.4087;30.75;42.66;151.49
09.09.2020;75.3163;28.81;40.79;102.96
10.09.2020;75.2048;29.71;40.06;103.44
11.09.2020;75.0956;26.87;39.83;79.53
14.09.2020;75.2574;25.85;39.61;104.44
15.09.2020;75.0223;25.59;40.53;99.5
16.09.2020;74.9778;26.04;42.22;97.53
17.09.2020;75.2033;26.46;43.3;102.96
18.09.2020;75.744;25.83;43.15;102.96
21.09.2020;76.1224;27.78;41.44;122.16
22.09.2020;76.0992;26.86;41.72;120.68
23.09.2020;77.0808;28.58;41.77;122.66
24.09.2020;77.1487;28.51;41.94;130.54
25.09.2020;78.2164;26.38;41.92;130.04
28.09.2020;79.0566;26.19;42.43;130.05
29.09.2020;79.0732;26.27;41.03;128.08
30.09.2020;77.6319;26.37;40.95;124.38
01.10.2020;77.3346;26.7;40.93;61.51
02.10.2020;78.1851;27.63;39.27;66.17
06.10.2020;78.449;29.48;42.65;88.68
07.10.2020;78.032;28.06;41.99;103.94
08.10.2020;77.3714;26.36;43.34;91.61
09.10.2020;76.7675;25;42.85;100.98
12.10.2020;77.1449;25.07;41.72;75.33
13.10.2020;77.0491;26.07;42.45;102.46
14.10.2020;77.6328;26.4;43.32;103.44
15.10.2020;78.0885;26.97;43.16;105.41
16.10.2020;77.8938;27.41;42.93;101.48
19.10.2020;77.65;29.18;42.62;95.32
20.10.2020;77.3423;29.35;43.16;94.83
21.10.2020;76.7229;28.65;41.73;89.91
22.10.2020;76.6168;28.11;42.46;93.84
23.10.2020;76.1235;27.55;41.77;93.6
26.10.2020;76.495;32.46;40.46;99.01
27.10.2020;77.3059;33.35;41.2;98.52
28.10.2020;79.2242;40.28;39.12;105.41
29.10.2020;78.8685;37.59;37.65;105.41
30.10.2020;79.5257;38.02;37.46;105.9
02.11.2020;80.5386;37.13;38.97;60.95
03.11.2020;79.3552;35.55;39.71;186.54
05.11.2020;77.0264;27.58;40.93;153.63
06.11.2020;77.4158;24.86;39.45;99.99
09.11.2020;76.3064;25.75;42.4;100.98
11.11.2020;77.1139;23.45;43.8;75.149
12.11.2020;77.3496;25.35;43.53;75.82
13.11.2020;77.4023;23.1;42.78;81.28
16.11.2020;76.1698;22.45;43.82;79.56
17.11.2020;76.2305;22.71;43.75;81.28
18.11.2020;76.0511;23.84;44.34;79.8
19.11.2020;76.0553;23.11;44.2;81.28
20.11.2020;76.1924;23.7;44.96;81.28
23.11.2020;76.1755;22.66;46.06;81.27
24.11.2020;75.4715;21.64;47.86;77.82
25.11.2020;75.5406;21.25;48.61;80.78
26.11.2020;75.7072;21.25;47.8;80.78
27.11.2020;75.8605;20.84;48.18;80.29
30.11.2020;76.4033;20.57;47.59;80.78
02.12.2020;75.0718;21.17;48.25;59.46
03.12.2020;74.4431;21.28;48.71;247.58
08.12.2020;73.5166;20.68;48.84;82.73
10.12.2020;73.0484;22.52;50.25;101.97
11.12.2020;72.9572;23.31;49.97;80.8015
14.12.2020;73.8683;24.72;50.29;75.81
15.12.2020;73.3824;22.89;50.76;75.81
16.12.2020;73.3497;22.5;51.08;76.3
17.12.2020;72.862;21.93;51.5;76.8
18.12.2020;73.3477;21.57;52.26;84.7
21.12.2020;74.8058;25.16;50.91;92.1
22.12.2020;75.8958;24.23;50.08;92.1
23.12.2020;75.0744;23.31;51.2;91.11
24.12.2020;73.8873;21.53;51.29;91.11
28.12.2020;73.757;21.7;50.86;91.11
29.12.2020;74.0354;23.08;51.09;90.62
30.12.2020;74.4121;22.77;51.34;89.14
04.01.2021;74.3051;26.97;51.09;109.85
06.01.2021;73.9221;25.07;54.3;98.02
13.01.2021;73.7649;22.21;56.06;87.17
14.01.2021;73.2179;23.25;56.42;85.68
15.01.2021;73.6309;24.34;55.1;89.63
19.01.2021;73.6709;23.24;55.9;91.11
20.01.2021;73.5241;21.58;56.08;89.63
21.01.2021;73.834;21.32;56.1;90.12
22.01.2021;75.2899;21.91;55.41;95.55
25.01.2021;75.346;23.19;55.88;97.53
26.01.2021;75.0963;23.02;55.91;96.54
27.01.2021;75.8464;37.21;55.81;97.53
28.01.2021;75.9592;30.21;55.53;97.03
29.01.2021;75.7404;33.09;55.88;96.54
02.02.2021;76.224;25.56;57.46;95.3
03.02.2021;75.9423;22.91;58.46;87.15
04.02.2021;75.5065;21.77;58.84;112.8
16.02.2021;73.6533;21.46;63.35;84.68
17.02.2021;73.7194;21.5;64.34;86.17
18.02.2021;73.9036;22.49;63.93;85.18
19.02.2021;74.1116;22.05;62.91;85.17
22.02.2021;74.313;23.45;65.24;85.919
24.02.2021;73.5305;21.34;67.04;84.43
25.02.2021;74.7301;28.89;66.88;86.64
26.02.2021;74.6196;27.95;66.13;94.08
02.03.2021;73.8165;24.1;62.7;92.59
03.03.2021;73.9755;26.67;64.07;88.14
05.03.2021;74.2287;24.66;69.36;98.52
15.03.2021;72.817;20.03;68.88;91.11
16.03.2021;72.8728;19.79;68.39;91.11
17.03.2021;73.6311;19.23;68;91.11
18.03.2021;74.3129;21.58;63.28;100
19.03.2021;74.1213;20.95;64.53;100
22.03.2021;74.9227;18.88;64.62;107.39
23.03.2021;76.3799;20.3;60.79;108.86
24.03.2021;76.5795;21.2;64.41;112.8
25.03.2021;76.187;19.81;61.95;112.81
26.03.2021;75.6633;18.86;64.57;112.8
29.03.2021;75.6648;20.74;64.98;112.8
30.03.2021;75.8495;19.61;64.14;112.8
31.03.2021;75.6987;19.4;63.54;112.81
01.04.2021;76.2673;17.33;64.86;87.168
05.04.2021;76.3881;17.91;62.15;98.52
06.04.2021;77.2618;18.12;62.74;97.03
13.04.2021;75.9373;16.65;63.67;116.74
14.04.2021;75.8828;16.99;66.58;111.82
15.04.2021;76.3372;16.57;66.94;104.92
16.04.2021;75.8268;16.25;66.77;104.92
19.04.2021;76.3583;17.29;67.05;100.98
20.04.2021;76.8116;18.68;66.57;100.98
21.04.2021;76.6218;17.5;65.32;111.82
22.04.2021;75.4239;18.71;65.4;109.85
23.04.2021;74.9806;17.33;66.11;103.94
26.04.2021;75.0048;17.64;65.65;100.98
27.04.2021;74.9065;17.56;66.42;99.01
28.04.2021;74.4065;17.28;67.27;99.01
29.04.2021;74.63;17.61;68.56;99.01
30.04.2021;75.2073;18.61;67.25;98.52
04.05.2021;74.9514;19.48;68.88;112.8
05.05.2021;74.8614;19.15;68.96;98.52
07.05.2021;73.7955;16.69;68.28;86.19
13.05.2021;74.0554;23.13;67.05;95.07
14.05.2021;74.0079;18.81;68.71;95.06
17.05.2021;73.8023;19.72;69.46;93.09
18.05.2021;73.7118;21.34;68.71;93.09
19.05.2021;73.7722;22.18;66.66;93.09
20.05.2021;73.5218;20.67;65.11;96.05
21.05.2021;73.6222;20.15;66.44;93.09
24.05.2021;73.47;18.4;68.46;95.06
25.05.2021;73.5014;18.84;68.65;97.04
26.05.2021;73.5012;17.36;68.87;100
27.05.2021;73.4885;16.74;69.46;100
28.05.2021;73.1646;16.76;69.63;98.02
01.06.2021;73.511;17.9;70.25;88.64
04.06.2021;72.7878;16.42;71.89;112.8
07.06.2021;72.8164;16.42;71.49;86.19
14.06.2021;72.1015;16.39;72.86;90.12
15.06.2021;72.1801;17.02;73.99;92.59
16.06.2021;72.6047;18.15;74.39;100
17.06.2021;72.3255;17.75;73.08;90.12
18.06.2021;72.8175;20.7;73.51;90.13
21.06.2021;73.1372;17.89;74.9;90.14
22.06.2021;72.8844;16.66;74.81;90.14
23.06.2021;72.6076;16.32;75.19;89.15
24.06.2021;72.3227;15.97;75.56;88.16
25.06.2021;72.2047;15.62;76.18;88.16
28.06.2021;72.1155;15.76;74.68;88.16
29.06.2021;72.7672;16.02;74.76;88.16
30.06.2021;73.1522;15.83;75.13;88.16
01.07.2021;73.4087;15.48;75.84;89.63
06.07.2021;74.4429;16.44;74.53;92.59